DATAFLOW,LAST UPDATE,freq,indic_il,geo,TIME_PERIOD,OBS_VALUE,OBS_FLAG,CONF_STATUS
ESTAT:SDG_10_50(1.0),30/10/25 23:00:00,Annual,Share of national equivalised income,Austria,2000,25.0,,
ESTAT:SDG_10_50(1.0),30/10/25 23:00:00,Annual,Share of national equivalised income,Austria,2001,25.0,,
ESTAT:SDG_10_50(1.0),30/10/25 23:00:00,Annual,Share of national equivalised income,Austria,2003,23.2,b,
ESTAT:SDG_10_50(1.0),30/10/25 23:00:00,Annual,Share of national equivalised income,Austria,2004,24.0,,
ESTAT:SDG_10_50(1.0),30/10/25 23:00:00,Annual,Share of national equivalised income,Austria,2005,23.8,,
ESTAT:SDG_10_50(1.0),30/10/25 23:00:00,Annual,Share of national equivalised income,Austria,2006,24.2,,
ESTAT:SDG_10_50(1.0),30/10/25 23:00:00,Annual,Share of national equivalised income,Austria,2007,23.9,,
ESTAT:SDG_10_50(1.0),30/10/25 23:00:00,Annual,Share of national equivalised income,Austria,2008,22.8,b,
ESTAT:SDG_10_50(1.0),30/10/25 23:00:00,Annual,Share of national equivalised income,Austria,2009,23.0,,
ESTAT:SDG_10_50(1.0),30/10/25 23:00:00,Annual,Share of national equivalised income,Austria,2010,22.6,,
ESTAT:SDG_10_50(1.0),30/10/25 23:00:00,Annual,Share of national equivalised income,Austria,2011,22.8,,
ESTAT:SDG_10_50(1.0),30/10/25 23:00:00,Annual,Share of national equivalised income,Austria,2012,22.8,,
ESTAT:SDG_10_50(1.0),30/10/25 23:00:00,Annual,Share of national equivalised income,Austria,2013,23.1,,
ESTAT:SDG_10_50(1.0),30/10/25 23:00:00,Annual,Share of national equivalised income,Austria,2014,23.0,,
ESTAT:SDG_10_50(1.0),30/10/25 23:00:00,Annual,Share of national equivalised income,Austria,2015,23.1,,
ESTAT:SDG_10_50(1.0),30/10/25 23:00:00,Annual,Share of national equivalised income,Austria,2016,23.0,,
ESTAT:SDG_10_50(1.0),30/10/25 23:00:00,Annual,Share of national equivalised income,Austria,2017,22.7,,
ESTAT:SDG_10_50(1.0),30/10/25 23:00:00,Annual,Share of national equivalised income,Austria,2018,23.2,,
ESTAT:SDG_10_50(1.0),30/10/25 23:00:00,Annual,Share of national equivalised income,Austria,2019,22.9,,
ESTAT:SDG_10_50(1.0),30/10/25 23:00:00,Annual,Share of national equivalised income,Austria,2020,23.2,,
ESTAT:SDG_10_50(1.0),30/10/25 23:00:00,Annual,Share of national equivalised income,Austria,2021,23.1,,
ESTAT:SDG_10_50(1.0),30/10/25 23:00:00,Annual,Share of national equivalised income,Austria,2022,22.7,,
ESTAT:SDG_10_50(1.0),30/10/25 23:00:00,Annual,Share of national equivalised income,Austria,2023,22.8,,
ESTAT:SDG_10_50(1.0),30/10/25 23:00:00,Annual,Share of national equivalised income,Austria,2024,22.5,,
ESTAT:SDG_10_50(1.0),30/10/25 23:00:00,Annual,Share of national equivalised income,Belgium,2000,23.0,,
ESTAT:SDG_10_50(1.0),30/10/25 23:00:00,Annual,Share of national equivalised income,Belgium,2001,23.0,,
ESTAT:SDG_10_50(1.0),30/10/25 23:00:00,Annual,Share of national equivalised income,Belgium,2003,22.1,b,
ESTAT:SDG_10_50(1.0),30/10/25 23:00:00,Annual,Share of national equivalised income,Belgium,2004,23.3,,
ESTAT:SDG_10_50(1.0),30/10/25 23:00:00,Annual,Share of national equivalised income,Belgium,2005,22.8,,
ESTAT:SDG_10_50(1.0),30/10/25 23:00:00,Annual,Share of national equivalised income,Belgium,2006,22.7,,
ESTAT:SDG_10_50(1.0),30/10/25 23:00:00,Annual,Share of national equivalised income,Belgium,2007,23.2,,
ESTAT:SDG_10_50(1.0),30/10/25 23:00:00,Annual,Share of national equivalised income,Belgium,2008,22.8,,
ESTAT:SDG_10_50(1.0),30/10/25 23:00:00,Annual,Share of national equivalised income,Belgium,2009,23.2,,
ESTAT:SDG_10_50(1.0),30/10/25 23:00:00,Annual,Share of national equivalised income,Belgium,2010,23.2,,
ESTAT:SDG_10_50(1.0),30/10/25 23:00:00,Annual,Share of national equivalised income,Belgium,2011,23.2,,
ESTAT:SDG_10_50(1.0),30/10/25 23:00:00,Annual,Share of national equivalised income,Belgium,2012,23.0,,
ESTAT:SDG_10_50(1.0),30/10/25 23:00:00,Annual,Share of national equivalised income,Belgium,2013,23.3,,
ESTAT:SDG_10_50(1.0),30/10/25 23:00:00,Annual,Share of national equivalised income,Belgium,2014,23.2,,
ESTAT:SDG_10_50(1.0),30/10/25 23:00:00,Annual,Share of national equivalised income,Belgium,2015,23.2,,
ESTAT:SDG_10_50(1.0),30/10/25 23:00:00,Annual,Share of national equivalised income,Belgium,2016,23.0,,
ESTAT:SDG_10_50(1.0),30/10/25 23:00:00,Annual,Share of national equivalised income,Belgium,2017,23.2,,
ESTAT:SDG_10_50(1.0),30/10/25 23:00:00,Annual,Share of national equivalised income,Belgium,2018,23.3,,
ESTAT:SDG_10_50(1.0),30/10/25 23:00:00,Annual,Share of national equivalised income,Belgium,2019,23.9,b,
ESTAT:SDG_10_50(1.0),30/10/25 23:00:00,Annual,Share of national equivalised income,Belgium,2020,24.0,,
ESTAT:SDG_10_50(1.0),30/10/25 23:00:00,Annual,Share of national equivalised income,Belgium,2021,24.6,,
ESTAT:SDG_10_50(1.0),30/10/25 23:00:00,Annual,Share of national equivalised income,Belgium,2022,24.2,,
ESTAT:SDG_10_50(1.0),30/10/25 23:00:00,Annual,Share of national equivalised income,Belgium,2023,24.7,,
ESTAT:SDG_10_50(1.0),30/10/25 23:00:00,Annual,Share of national equivalised income,Belgium,2024,24.4,,
ESTAT:SDG_10_50(1.0),30/10/25 23:00:00,Annual,Share of national equivalised income,Bulgaria,2006,20.6,,
ESTAT:SDG_10_50(1.0),30/10/25 23:00:00,Annual,Share of national equivalised income,Bulgaria,2007,18.2,,
ESTAT:SDG_10_50(1.0),30/10/25 23:00:00,Annual,Share of national equivalised income,Bulgaria,2008,18.2,,
ESTAT:SDG_10_50(1.0),30/10/25 23:00:00,Annual,Share of national equivalised income,Bulgaria,2009,19.2,,
ESTAT:SDG_10_50(1.0),30/10/25 23:00:00,Annual,Share of national equivalised income,Bulgaria,2010,19.5,,
ESTAT:SDG_10_50(1.0),30/10/25 23:00:00,Annual,Share of national equivalised income,Bulgaria,2011,18.4,,
ESTAT:SDG_10_50(1.0),30/10/25 23:00:00,Annual,Share of national equivalised income,Bulgaria,2012,19.2,,
ESTAT:SDG_10_50(1.0),30/10/25 23:00:00,Annual,Share of national equivalised income,Bulgaria,2013,18.5,,
ESTAT:SDG_10_50(1.0),30/10/25 23:00:00,Annual,Share of national equivalised income,Bulgaria,2014,18.4,,
ESTAT:SDG_10_50(1.0),30/10/25 23:00:00,Annual,Share of national equivalised income,Bulgaria,2015,17.8,,
ESTAT:SDG_10_50(1.0),30/10/25 23:00:00,Annual,Share of national equivalised income,Bulgaria,2016,17.2,b,
ESTAT:SDG_10_50(1.0),30/10/25 23:00:00,Annual,Share of national equivalised income,Bulgaria,2017,16.5,,
ESTAT:SDG_10_50(1.0),30/10/25 23:00:00,Annual,Share of national equivalised income,Bulgaria,2018,17.0,,
ESTAT:SDG_10_50(1.0),30/10/25 23:00:00,Annual,Share of national equivalised income,Bulgaria,2019,16.4,,
ESTAT:SDG_10_50(1.0),30/10/25 23:00:00,Annual,Share of national equivalised income,Bulgaria,2020,16.6,,
ESTAT:SDG_10_50(1.0),30/10/25 23:00:00,Annual,Share of national equivalised income,Bulgaria,2021,17.0,,
ESTAT:SDG_10_50(1.0),30/10/25 23:00:00,Annual,Share of national equivalised income,Bulgaria,2022,17.0,,
ESTAT:SDG_10_50(1.0),30/10/25 23:00:00,Annual,Share of national equivalised income,Bulgaria,2023,18.0,,
ESTAT:SDG_10_50(1.0),30/10/25 23:00:00,Annual,Share of national equivalised income,Bulgaria,2024,17.5,,
ESTAT:SDG_10_50(1.0),30/10/25 23:00:00,Annual,Share of national equivalised income,Switzerland,2007,21.6,,
ESTAT:SDG_10_50(1.0),30/10/25 23:00:00,Annual,Share of national equivalised income,Switzerland,2008,21.2,,
ESTAT:SDG_10_50(1.0),30/10/25 23:00:00,Annual,Share of national equivalised income,Switzerland,2009,21.4,,
ESTAT:SDG_10_50(1.0),30/10/25 23:00:00,Annual,Share of national equivalised income,Switzerland,2010,21.9,,
ESTAT:SDG_10_50(1.0),30/10/25 23:00:00,Annual,Share of national equivalised income,Switzerland,2011,21.9,,
ESTAT:SDG_10_50(1.0),30/10/25 23:00:00,Annual,Share of national equivalised income,Switzerland,2012,22.2,,
ESTAT:SDG_10_50(1.0),30/10/25 23:00:00,Annual,Share of national equivalised income,Switzerland,2013,22.6,,
ESTAT:SDG_10_50(1.0),30/10/25 23:00:00,Annual,Share of national equivalised income,Switzerland,2014,22.2,b,
ESTAT:SDG_10_50(1.0),30/10/25 23:00:00,Annual,Share of national equivalised income,Switzerland,2015,22.1,,
ESTAT:SDG_10_50(1.0),30/10/25 23:00:00,Annual,Share of national equivalised income,Switzerland,2016,22.1,,
ESTAT:SDG_10_50(1.0),30/10/25 23:00:00,Annual,Share of national equivalised income,Switzerland,2017,21.9,,
ESTAT:SDG_10_50(1.0),30/10/25 23:00:00,Annual,Share of national equivalised income,Switzerland,2018,22.0,,
ESTAT:SDG_10_50(1.0),30/10/25 23:00:00,Annual,Share of national equivalised income,Switzerland,2019,21.5,,
ESTAT:SDG_10_50(1.0),30/10/25 23:00:00,Annual,Share of national equivalised income,Switzerland,2020,21.3,,
ESTAT:SDG_10_50(1.0),30/10/25 23:00:00,Annual,Share of national equivalised income,Switzerland,2021,21.2,,
ESTAT:SDG_10_50(1.0),30/10/25 23:00:00,Annual,Share of national equivalised income,Switzerland,2022,21.4,,
ESTAT:SDG_10_50(1.0),30/10/25 23:00:00,Annual,Share of national equivalised income,Switzerland,2023,21.1,,
ESTAT:SDG_10_50(1.0),30/10/25 23:00:00,Annual,Share of national equivalised income,Switzerland,2024,21.3,,
ESTAT:SDG_10_50(1.0),30/10/25 23:00:00,Annual,Share of national equivalised income,Cyprus,2005,22.1,,
ESTAT:SDG_10_50(1.0),30/10/25 23:00:00,Annual,Share of national equivalised income,Cyprus,2006,22.3,,
ESTAT:SDG_10_50(1.0),30/10/25 23:00:00,Annual,Share of national equivalised income,Cyprus,2007,22.1,,
ESTAT:SDG_10_50(1.0),30/10/25 23:00:00,Annual,Share of national equivalised income,Cyprus,2008,22.2,b,
ESTAT:SDG_10_50(1.0),30/10/25 23:00:00,Annual,Share of national equivalised income,Cyprus,2009,22.1,,
ESTAT:SDG_10_50(1.0),30/10/25 23:00:00,Annual,Share of national equivalised income,Cyprus,2010,21.9,,
ESTAT:SDG_10_50(1.0),30/10/25 23:00:00,Annual,Share of national equivalised income,Cyprus,2011,22.2,,
ESTAT:SDG_10_50(1.0),30/10/25 23:00:00,Annual,Share of national equivalised income,Cyprus,2012,21.4,,
ESTAT:SDG_10_50(1.0),30/10/25 23:00:00,Annual,Share of national equivalised income,Cyprus,2013,20.8,,
ESTAT:SDG_10_50(1.0),30/10/25 23:00:00,Annual,Share of national equivalised income,Cyprus,2014,19.9,,
ESTAT:SDG_10_50(1.0),30/10/25 23:00:00,Annual,Share of national equivalised income,Cyprus,2015,20.1,,
ESTAT:SDG_10_50(1.0),30/10/25 23:00:00,Annual,Share of national equivalised income,Cyprus,2016,20.7,,
ESTAT:SDG_10_50(1.0),30/10/25 23:00:00,Annual,Share of national equivalised income,Cyprus,2017,21.4,,
ESTAT:SDG_10_50(1.0),30/10/25 23:00:00,Annual,Share of national equivalised income,Cyprus,2018,22.1,,
ESTAT:SDG_10_50(1.0),30/10/25 23:00:00,Annual,Share of national equivalised income,Cyprus,2019,21.4,,
ESTAT:SDG_10_50(1.0),30/10/25 23:00:00,Annual,Share of national equivalised income,Cyprus,2020,22.2,,
ESTAT:SDG_10_50(1.0),30/10/25 23:00:00,Annual,Share of national equivalised income,Cyprus,2021,22.3,,
ESTAT:SDG_10_50(1.0),30/10/25 23:00:00,Annual,Share of national equivalised income,Cyprus,2022,22.2,,
ESTAT:SDG_10_50(1.0),30/10/25 23:00:00,Annual,Share of national equivalised income,Cyprus,2023,22.2,,
ESTAT:SDG_10_50(1.0),30/10/25 23:00:00,Annual,Share of national equivalised income,Cyprus,2024,21.9,,
ESTAT:SDG_10_50(1.0),30/10/25 23:00:00,Annual,Share of national equivalised income,Czechia,2005,24.2,,
ESTAT:SDG_10_50(1.0),30/10/25 23:00:00,Annual,Share of national equivalised income,Czechia,2006,24.6,,
ESTAT:SDG_10_50(1.0),30/10/25 23:00:00,Annual,Share of national equivalised income,Czechia,2007,24.6,,
ESTAT:SDG_10_50(1.0),30/10/25 23:00:00,Annual,Share of national equivalised income,Czechia,2008,25.0,,
ESTAT:SDG_10_50(1.0),30/10/25 23:00:00,Annual,Share of national equivalised income,Czechia,2009,25.0,,
ESTAT:SDG_10_50(1.0),30/10/25 23:00:00,Annual,Share of national equivalised income,Czechia,2010,24.9,,
ESTAT:SDG_10_50(1.0),30/10/25 23:00:00,Annual,Share of national equivalised income,Czechia,2011,24.7,,
ESTAT:SDG_10_50(1.0),30/10/25 23:00:00,Annual,Share of national equivalised income,Czechia,2012,24.8,,
ESTAT:SDG_10_50(1.0),30/10/25 23:00:00,Annual,Share of national equivalised income,Czechia,2013,25.1,,
ESTAT:SDG_10_50(1.0),30/10/25 23:00:00,Annual,Share of national equivalised income,Czechia,2014,24.8,,
ESTAT:SDG_10_50(1.0),30/10/25 23:00:00,Annual,Share of national equivalised income,Czechia,2015,24.8,,
ESTAT:SDG_10_50(1.0),30/10/25 23:00:00,Annual,Share of national equivalised income,Czechia,2016,24.7,,
ESTAT:SDG_10_50(1.0),30/10/25 23:00:00,Annual,Share of national equivalised income,Czechia,2017,25.0,,
ESTAT:SDG_10_50(1.0),30/10/25 23:00:00,Annual,Share of national equivalised income,Czechia,2018,25.1,,
ESTAT:SDG_10_50(1.0),30/10/25 23:00:00,Annual,Share of national equivalised income,Czechia,2019,25.0,,
ESTAT:SDG_10_50(1.0),30/10/25 23:00:00,Annual,Share of national equivalised income,Czechia,2020,24.9,,
ESTAT:SDG_10_50(1.0),30/10/25 23:00:00,Annual,Share of national equivalised income,Czechia,2021,24.9,,
ESTAT:SDG_10_50(1.0),30/10/25 23:00:00,Annual,Share of national equivalised income,Czechia,2022,24.6,,
ESTAT:SDG_10_50(1.0),30/10/25 23:00:00,Annual,Share of national equivalised income,Czechia,2023,24.8,,
ESTAT:SDG_10_50(1.0),30/10/25 23:00:00,Annual,Share of national equivalised income,Czechia,2024,25.2,,
ESTAT:SDG_10_50(1.0),30/10/25 23:00:00,Annual,Share of national equivalised income,Germany,2000,25.0,,
ESTAT:SDG_10_50(1.0),30/10/25 23:00:00,Annual,Share of national equivalised income,Germany,2001,25.0,,
ESTAT:SDG_10_50(1.0),30/10/25 23:00:00,Annual,Share of national equivalised income,Germany,2005,24.1,b,
ESTAT:SDG_10_50(1.0),30/10/25 23:00:00,Annual,Share of national equivalised income,Germany,2006,23.6,,
ESTAT:SDG_10_50(1.0),30/10/25 23:00:00,Annual,Share of national equivalised income,Germany,2007,21.5,,
ESTAT:SDG_10_50(1.0),30/10/25 23:00:00,Annual,Share of national equivalised income,Germany,2008,21.7,,
ESTAT:SDG_10_50(1.0),30/10/25 23:00:00,Annual,Share of national equivalised income,Germany,2009,22.1,,
ESTAT:SDG_10_50(1.0),30/10/25 23:00:00,Annual,Share of national equivalised income,Germany,2010,22.0,,
ESTAT:SDG_10_50(1.0),30/10/25 23:00:00,Annual,Share of national equivalised income,Germany,2011,22.1,,
ESTAT:SDG_10_50(1.0),30/10/25 23:00:00,Annual,Share of national equivalised income,Germany,2012,22.3,,
ESTAT:SDG_10_50(1.0),30/10/25 23:00:00,Annual,Share of national equivalised income,Germany,2013,21.8,,
ESTAT:SDG_10_50(1.0),30/10/25 23:00:00,Annual,Share of national equivalised income,Germany,2014,21.0,,
ESTAT:SDG_10_50(1.0),30/10/25 23:00:00,Annual,Share of national equivalised income,Germany,2015,21.4,,
ESTAT:SDG_10_50(1.0),30/10/25 23:00:00,Annual,Share of national equivalised income,Germany,2016,21.7,,
ESTAT:SDG_10_50(1.0),30/10/25 23:00:00,Annual,Share of national equivalised income,Germany,2017,22.0,,
ESTAT:SDG_10_50(1.0),30/10/25 23:00:00,Annual,Share of national equivalised income,Germany,2018,21.2,,
ESTAT:SDG_10_50(1.0),30/10/25 23:00:00,Annual,Share of national equivalised income,Germany,2019,21.7,,
ESTAT:SDG_10_50(1.0),30/10/25 23:00:00,Annual,Share of national equivalised income,Germany,2020,21.3,b,
ESTAT:SDG_10_50(1.0),30/10/25 23:00:00,Annual,Share of national equivalised income,Germany,2021,21.0,,
ESTAT:SDG_10_50(1.0),30/10/25 23:00:00,Annual,Share of national equivalised income,Germany,2022,22.1,,
ESTAT:SDG_10_50(1.0),30/10/25 23:00:00,Annual,Share of national equivalised income,Germany,2023,22.1,,
ESTAT:SDG_10_50(1.0),30/10/25 23:00:00,Annual,Share of national equivalised income,Germany,2024,22.0,,
ESTAT:SDG_10_50(1.0),30/10/25 23:00:00,Annual,Share of national equivalised income,Denmark,2003,24.6,,
ESTAT:SDG_10_50(1.0),30/10/25 23:00:00,Annual,Share of national equivalised income,Denmark,2004,25.1,,
ESTAT:SDG_10_50(1.0),30/10/25 23:00:00,Annual,Share of national equivalised income,Denmark,2005,24.7,,
ESTAT:SDG_10_50(1.0),30/10/25 23:00:00,Annual,Share of national equivalised income,Denmark,2006,24.9,,
ESTAT:SDG_10_50(1.0),30/10/25 23:00:00,Annual,Share of national equivalised income,Denmark,2007,24.2,,
ESTAT:SDG_10_50(1.0),30/10/25 23:00:00,Annual,Share of national equivalised income,Denmark,2008,24.4,,
ESTAT:SDG_10_50(1.0),30/10/25 23:00:00,Annual,Share of national equivalised income,Denmark,2009,22.9,,
ESTAT:SDG_10_50(1.0),30/10/25 23:00:00,Annual,Share of national equivalised income,Denmark,2010,23.0,,
ESTAT:SDG_10_50(1.0),30/10/25 23:00:00,Annual,Share of national equivalised income,Denmark,2011,23.5,b,
ESTAT:SDG_10_50(1.0),30/10/25 23:00:00,Annual,Share of national equivalised income,Denmark,2012,23.6,,
ESTAT:SDG_10_50(1.0),30/10/25 23:00:00,Annual,Share of national equivalised income,Denmark,2013,23.5,,
ESTAT:SDG_10_50(1.0),30/10/25 23:00:00,Annual,Share of national equivalised income,Denmark,2014,23.2,,
ESTAT:SDG_10_50(1.0),30/10/25 23:00:00,Annual,Share of national equivalised income,Denmark,2015,23.2,,
ESTAT:SDG_10_50(1.0),30/10/25 23:00:00,Annual,Share of national equivalised income,Denmark,2016,23.2,,
ESTAT:SDG_10_50(1.0),30/10/25 23:00:00,Annual,Share of national equivalised income,Denmark,2017,23.3,,
ESTAT:SDG_10_50(1.0),30/10/25 23:00:00,Annual,Share of national equivalised income,Denmark,2018,23.2,,
ESTAT:SDG_10_50(1.0),30/10/25 23:00:00,Annual,Share of national equivalised income,Denmark,2019,23.2,,
ESTAT:SDG_10_50(1.0),30/10/25 23:00:00,Annual,Share of national equivalised income,Denmark,2020,23.4,b,
ESTAT:SDG_10_50(1.0),30/10/25 23:00:00,Annual,Share of national equivalised income,Denmark,2021,23.5,,
ESTAT:SDG_10_50(1.0),30/10/25 23:00:00,Annual,Share of national equivalised income,Denmark,2022,23.3,,
ESTAT:SDG_10_50(1.0),30/10/25 23:00:00,Annual,Share of national equivalised income,Denmark,2023,23.1,,
ESTAT:SDG_10_50(1.0),30/10/25 23:00:00,Annual,Share of national equivalised income,Denmark,2024,23.1,,
ESTAT:SDG_10_50(1.0),30/10/25 23:00:00,Annual,Share of national equivalised income,Estonia,2004,17.6,,
ESTAT:SDG_10_50(1.0),30/10/25 23:00:00,Annual,Share of national equivalised income,Estonia,2005,19.2,,
ESTAT:SDG_10_50(1.0),30/10/25 23:00:00,Annual,Share of national equivalised income,Estonia,2006,19.8,,
ESTAT:SDG_10_50(1.0),30/10/25 23:00:00,Annual,Share of national equivalised income,Estonia,2007,19.7,,
ESTAT:SDG_10_50(1.0),30/10/25 23:00:00,Annual,Share of national equivalised income,Estonia,2008,20.6,,
ESTAT:SDG_10_50(1.0),30/10/25 23:00:00,Annual,Share of national equivalised income,Estonia,2009,20.4,,
ESTAT:SDG_10_50(1.0),30/10/25 23:00:00,Annual,Share of national equivalised income,Estonia,2010,20.6,,
ESTAT:SDG_10_50(1.0),30/10/25 23:00:00,Annual,Share of national equivalised income,Estonia,2011,20.2,,
ESTAT:SDG_10_50(1.0),30/10/25 23:00:00,Annual,Share of national equivalised income,Estonia,2012,19.8,,
ESTAT:SDG_10_50(1.0),30/10/25 23:00:00,Annual,Share of national equivalised income,Estonia,2013,19.7,,
ESTAT:SDG_10_50(1.0),30/10/25 23:00:00,Annual,Share of national equivalised income,Estonia,2014,18.0,b,
ESTAT:SDG_10_50(1.0),30/10/25 23:00:00,Annual,Share of national equivalised income,Estonia,2015,18.5,,
ESTAT:SDG_10_50(1.0),30/10/25 23:00:00,Annual,Share of national equivalised income,Estonia,2016,19.2,,
ESTAT:SDG_10_50(1.0),30/10/25 23:00:00,Annual,Share of national equivalised income,Estonia,2017,19.6,,
ESTAT:SDG_10_50(1.0),30/10/25 23:00:00,Annual,Share of national equivalised income,Estonia,2018,20.1,,
ESTAT:SDG_10_50(1.0),30/10/25 23:00:00,Annual,Share of national equivalised income,Estonia,2019,20.2,,
ESTAT:SDG_10_50(1.0),30/10/25 23:00:00,Annual,Share of national equivalised income,Estonia,2020,20.4,,
ESTAT:SDG_10_50(1.0),30/10/25 23:00:00,Annual,Share of national equivalised income,Estonia,2021,20.4,,
ESTAT:SDG_10_50(1.0),30/10/25 23:00:00,Annual,Share of national equivalised income,Estonia,2022,19.5,,
ESTAT:SDG_10_50(1.0),30/10/25 23:00:00,Annual,Share of national equivalised income,Estonia,2023,19.5,,
ESTAT:SDG_10_50(1.0),30/10/25 23:00:00,Annual,Share of national equivalised income,Estonia,2024,20.4,,
ESTAT:SDG_10_50(1.0),30/10/25 23:00:00,Annual,Share of national equivalised income,Greece,2000,19.0,,
ESTAT:SDG_10_50(1.0),30/10/25 23:00:00,Annual,Share of national equivalised income,Greece,2001,19.0,,
ESTAT:SDG_10_50(1.0),30/10/25 23:00:00,Annual,Share of national equivalised income,Greece,2003,18.7,b,
ESTAT:SDG_10_50(1.0),30/10/25 23:00:00,Annual,Share of national equivalised income,Greece,2004,19.3,,
ESTAT:SDG_10_50(1.0),30/10/25 23:00:00,Annual,Share of national equivalised income,Greece,2005,19.6,,
ESTAT:SDG_10_50(1.0),30/10/25 23:00:00,Annual,Share of national equivalised income,Greece,2006,19.0,,
ESTAT:SDG_10_50(1.0),30/10/25 23:00:00,Annual,Share of national equivalised income,Greece,2007,19.1,,
ESTAT:SDG_10_50(1.0),30/10/25 23:00:00,Annual,Share of national equivalised income,Greece,2008,19.5,,
ESTAT:SDG_10_50(1.0),30/10/25 23:00:00,Annual,Share of national equivalised income,Greece,2009,19.8,,
ESTAT:SDG_10_50(1.0),30/10/25 23:00:00,Annual,Share of national equivalised income,Greece,2010,19.8,,
ESTAT:SDG_10_50(1.0),30/10/25 23:00:00,Annual,Share of national equivalised income,Greece,2011,19.2,,
ESTAT:SDG_10_50(1.0),30/10/25 23:00:00,Annual,Share of national equivalised income,Greece,2012,18.5,,
ESTAT:SDG_10_50(1.0),30/10/25 23:00:00,Annual,Share of national equivalised income,Greece,2013,18.5,,
ESTAT:SDG_10_50(1.0),30/10/25 23:00:00,Annual,Share of national equivalised income,Greece,2014,18.7,,
ESTAT:SDG_10_50(1.0),30/10/25 23:00:00,Annual,Share of national equivalised income,Greece,2015,18.7,,
ESTAT:SDG_10_50(1.0),30/10/25 23:00:00,Annual,Share of national equivalised income,Greece,2016,18.7,,
ESTAT:SDG_10_50(1.0),30/10/25 23:00:00,Annual,Share of national equivalised income,Greece,2017,19.4,,
ESTAT:SDG_10_50(1.0),30/10/25 23:00:00,Annual,Share of national equivalised income,Greece,2018,20.2,,
ESTAT:SDG_10_50(1.0),30/10/25 23:00:00,Annual,Share of national equivalised income,Greece,2019,20.7,,
ESTAT:SDG_10_50(1.0),30/10/25 23:00:00,Annual,Share of national equivalised income,Greece,2020,20.5,,
ESTAT:SDG_10_50(1.0),30/10/25 23:00:00,Annual,Share of national equivalised income,Greece,2021,19.9,,
ESTAT:SDG_10_50(1.0),30/10/25 23:00:00,Annual,Share of national equivalised income,Greece,2022,20.5,,
ESTAT:SDG_10_50(1.0),30/10/25 23:00:00,Annual,Share of national equivalised income,Greece,2023,20.7,,
ESTAT:SDG_10_50(1.0),30/10/25 23:00:00,Annual,Share of national equivalised income,Greece,2024,20.7,,
ESTAT:SDG_10_50(1.0),30/10/25 23:00:00,Annual,Share of national equivalised income,Spain,2000,20.0,,
ESTAT:SDG_10_50(1.0),30/10/25 23:00:00,Annual,Share of national equivalised income,Spain,2001,20.0,,
ESTAT:SDG_10_50(1.0),30/10/25 23:00:00,Annual,Share of national equivalised income,Spain,2004,20.3,b,
ESTAT:SDG_10_50(1.0),30/10/25 23:00:00,Annual,Share of national equivalised income,Spain,2005,19.8,,
ESTAT:SDG_10_50(1.0),30/10/25 23:00:00,Annual,Share of national equivalised income,Spain,2006,19.8,,
ESTAT:SDG_10_50(1.0),30/10/25 23:00:00,Annual,Share of national equivalised income,Spain,2007,19.9,,
ESTAT:SDG_10_50(1.0),30/10/25 23:00:00,Annual,Share of national equivalised income,Spain,2008,19.8,b,
ESTAT:SDG_10_50(1.0),30/10/25 23:00:00,Annual,Share of national equivalised income,Spain,2009,19.5,,
ESTAT:SDG_10_50(1.0),30/10/25 23:00:00,Annual,Share of national equivalised income,Spain,2010,19.2,,
ESTAT:SDG_10_50(1.0),30/10/25 23:00:00,Annual,Share of national equivalised income,Spain,2011,18.9,,
ESTAT:SDG_10_50(1.0),30/10/25 23:00:00,Annual,Share of national equivalised income,Spain,2012,18.7,,
ESTAT:SDG_10_50(1.0),30/10/25 23:00:00,Annual,Share of national equivalised income,Spain,2013,18.9,,
ESTAT:SDG_10_50(1.0),30/10/25 23:00:00,Annual,Share of national equivalised income,Spain,2014,18.2,,
ESTAT:SDG_10_50(1.0),30/10/25 23:00:00,Annual,Share of national equivalised income,Spain,2015,18.2,,
ESTAT:SDG_10_50(1.0),30/10/25 23:00:00,Annual,Share of national equivalised income,Spain,2016,18.4,,
ESTAT:SDG_10_50(1.0),30/10/25 23:00:00,Annual,Share of national equivalised income,Spain,2017,18.5,,
ESTAT:SDG_10_50(1.0),30/10/25 23:00:00,Annual,Share of national equivalised income,Spain,2018,19.1,,
ESTAT:SDG_10_50(1.0),30/10/25 23:00:00,Annual,Share of national equivalised income,Spain,2019,19.3,,
ESTAT:SDG_10_50(1.0),30/10/25 23:00:00,Annual,Share of national equivalised income,Spain,2020,19.5,,
ESTAT:SDG_10_50(1.0),30/10/25 23:00:00,Annual,Share of national equivalised income,Spain,2021,19.1,,
ESTAT:SDG_10_50(1.0),30/10/25 23:00:00,Annual,Share of national equivalised income,Spain,2022,19.8,,
ESTAT:SDG_10_50(1.0),30/10/25 23:00:00,Annual,Share of national equivalised income,Spain,2023,20.1,,
ESTAT:SDG_10_50(1.0),30/10/25 23:00:00,Annual,Share of national equivalised income,Spain,2024,20.3,,
ESTAT:SDG_10_50(1.0),30/10/25 23:00:00,Annual,Share of national equivalised income,European Union - 27 countries (from 2020),2010,21.4,,
ESTAT:SDG_10_50(1.0),30/10/25 23:00:00,Annual,Share of national equivalised income,European Union - 27 countries (from 2020),2011,21.2,,
ESTAT:SDG_10_50(1.0),30/10/25 23:00:00,Annual,Share of national equivalised income,European Union - 27 countries (from 2020),2012,21.2,,
ESTAT:SDG_10_50(1.0),30/10/25 23:00:00,Annual,Share of national equivalised income,European Union - 27 countries (from 2020),2013,21.2,,
ESTAT:SDG_10_50(1.0),30/10/25 23:00:00,Annual,Share of national equivalised income,European Union - 27 countries (from 2020),2014,20.9,e,
ESTAT:SDG_10_50(1.0),30/10/25 23:00:00,Annual,Share of national equivalised income,European Union - 27 countries (from 2020),2015,20.9,e,
ESTAT:SDG_10_50(1.0),30/10/25 23:00:00,Annual,Share of national equivalised income,European Union - 27 countries (from 2020),2016,21.0,e,
ESTAT:SDG_10_50(1.0),30/10/25 23:00:00,Annual,Share of national equivalised income,European Union - 27 countries (from 2020),2017,21.2,e,
ESTAT:SDG_10_50(1.0),30/10/25 23:00:00,Annual,Share of national equivalised income,European Union - 27 countries (from 2020),2018,21.2,e,
ESTAT:SDG_10_50(1.0),30/10/25 23:00:00,Annual,Share of national equivalised income,European Union - 27 countries (from 2020),2019,21.4,,
ESTAT:SDG_10_50(1.0),30/10/25 23:00:00,Annual,Share of national equivalised income,European Union - 27 countries (from 2020),2020,21.4,,
ESTAT:SDG_10_50(1.0),30/10/25 23:00:00,Annual,Share of national equivalised income,European Union - 27 countries (from 2020),2021,21.3,,
ESTAT:SDG_10_50(1.0),30/10/25 23:00:00,Annual,Share of national equivalised income,European Union - 27 countries (from 2020),2022,21.6,,
ESTAT:SDG_10_50(1.0),30/10/25 23:00:00,Annual,Share of national equivalised income,European Union - 27 countries (from 2020),2023,21.7,,
ESTAT:SDG_10_50(1.0),30/10/25 23:00:00,Annual,Share of national equivalised income,European Union - 27 countries (from 2020),2024,21.8,,
ESTAT:SDG_10_50(1.0),30/10/25 23:00:00,Annual,Share of national equivalised income,Finland,2000,25.0,,
ESTAT:SDG_10_50(1.0),30/10/25 23:00:00,Annual,Share of national equivalised income,Finland,2001,25.0,,
ESTAT:SDG_10_50(1.0),30/10/25 23:00:00,Annual,Share of national equivalised income,Finland,2004,24.3,b,
ESTAT:SDG_10_50(1.0),30/10/25 23:00:00,Annual,Share of national equivalised income,Finland,2005,24.1,,
ESTAT:SDG_10_50(1.0),30/10/25 23:00:00,Annual,Share of national equivalised income,Finland,2006,24.1,,
ESTAT:SDG_10_50(1.0),30/10/25 23:00:00,Annual,Share of national equivalised income,Finland,2007,23.9,,
ESTAT:SDG_10_50(1.0),30/10/25 23:00:00,Annual,Share of national equivalised income,Finland,2008,23.6,,
ESTAT:SDG_10_50(1.0),30/10/25 23:00:00,Annual,Share of national equivalised income,Finland,2009,23.9,,
ESTAT:SDG_10_50(1.0),30/10/25 23:00:00,Annual,Share of national equivalised income,Finland,2010,24.2,,
ESTAT:SDG_10_50(1.0),30/10/25 23:00:00,Annual,Share of national equivalised income,Finland,2011,23.9,,
ESTAT:SDG_10_50(1.0),30/10/25 23:00:00,Annual,Share of national equivalised income,Finland,2012,23.9,,
ESTAT:SDG_10_50(1.0),30/10/25 23:00:00,Annual,Share of national equivalised income,Finland,2013,24.2,,
ESTAT:SDG_10_50(1.0),30/10/25 23:00:00,Annual,Share of national equivalised income,Finland,2014,24.0,,
ESTAT:SDG_10_50(1.0),30/10/25 23:00:00,Annual,Share of national equivalised income,Finland,2015,24.2,,
ESTAT:SDG_10_50(1.0),30/10/25 23:00:00,Annual,Share of national equivalised income,Finland,2016,24.2,,
ESTAT:SDG_10_50(1.0),30/10/25 23:00:00,Annual,Share of national equivalised income,Finland,2017,24.4,,
ESTAT:SDG_10_50(1.0),30/10/25 23:00:00,Annual,Share of national equivalised income,Finland,2018,24.0,,
ESTAT:SDG_10_50(1.0),30/10/25 23:00:00,Annual,Share of national equivalised income,Finland,2019,23.8,,
ESTAT:SDG_10_50(1.0),30/10/25 23:00:00,Annual,Share of national equivalised income,Finland,2020,23.7,,
ESTAT:SDG_10_50(1.0),30/10/25 23:00:00,Annual,Share of national equivalised income,Finland,2021,24.2,,
ESTAT:SDG_10_50(1.0),30/10/25 23:00:00,Annual,Share of national equivalised income,Finland,2022,23.7,,
ESTAT:SDG_10_50(1.0),30/10/25 23:00:00,Annual,Share of national equivalised income,Finland,2023,23.7,,
ESTAT:SDG_10_50(1.0),30/10/25 23:00:00,Annual,Share of national equivalised income,Finland,2024,23.8,,
ESTAT:SDG_10_50(1.0),30/10/25 23:00:00,Annual,Share of national equivalised income,France,2000,23.0,,
ESTAT:SDG_10_50(1.0),30/10/25 23:00:00,Annual,Share of national equivalised income,France,2001,23.0,,
ESTAT:SDG_10_50(1.0),30/10/25 23:00:00,Annual,Share of national equivalised income,France,2004,22.8,b,
ESTAT:SDG_10_50(1.0),30/10/25 23:00:00,Annual,Share of national equivalised income,France,2005,23.0,,
ESTAT:SDG_10_50(1.0),30/10/25 23:00:00,Annual,Share of national equivalised income,France,2006,23.2,,
ESTAT:SDG_10_50(1.0),30/10/25 23:00:00,Annual,Share of national equivalised income,France,2007,23.5,,
ESTAT:SDG_10_50(1.0),30/10/25 23:00:00,Annual,Share of national equivalised income,France,2008,22.4,b,
ESTAT:SDG_10_50(1.0),30/10/25 23:00:00,Annual,Share of national equivalised income,France,2009,22.3,,
ESTAT:SDG_10_50(1.0),30/10/25 23:00:00,Annual,Share of national equivalised income,France,2010,22.2,,
ESTAT:SDG_10_50(1.0),30/10/25 23:00:00,Annual,Share of national equivalised income,France,2011,21.9,,
ESTAT:SDG_10_50(1.0),30/10/25 23:00:00,Annual,Share of national equivalised income,France,2012,22.0,,
ESTAT:SDG_10_50(1.0),30/10/25 23:00:00,Annual,Share of national equivalised income,France,2013,22.2,,
ESTAT:SDG_10_50(1.0),30/10/25 23:00:00,Annual,Share of national equivalised income,France,2014,22.6,,
ESTAT:SDG_10_50(1.0),30/10/25 23:00:00,Annual,Share of national equivalised income,France,2015,22.6,,
ESTAT:SDG_10_50(1.0),30/10/25 23:00:00,Annual,Share of national equivalised income,France,2016,22.6,,
ESTAT:SDG_10_50(1.0),30/10/25 23:00:00,Annual,Share of national equivalised income,France,2017,22.7,,
ESTAT:SDG_10_50(1.0),30/10/25 23:00:00,Annual,Share of national equivalised income,France,2018,22.9,,
ESTAT:SDG_10_50(1.0),30/10/25 23:00:00,Annual,Share of national equivalised income,France,2019,22.7,,
ESTAT:SDG_10_50(1.0),30/10/25 23:00:00,Annual,Share of national equivalised income,France,2020,22.3,b,
ESTAT:SDG_10_50(1.0),30/10/25 23:00:00,Annual,Share of national equivalised income,France,2021,22.4,,
ESTAT:SDG_10_50(1.0),30/10/25 23:00:00,Annual,Share of national equivalised income,France,2022,22.0,b,
ESTAT:SDG_10_50(1.0),30/10/25 23:00:00,Annual,Share of national equivalised income,France,2023,21.9,,
ESTAT:SDG_10_50(1.0),30/10/25 23:00:00,Annual,Share of national equivalised income,France,2024,21.8,,
ESTAT:SDG_10_50(1.0),30/10/25 23:00:00,Annual,Share of national equivalised income,Croatia,2010,20.0,,
ESTAT:SDG_10_50(1.0),30/10/25 23:00:00,Annual,Share of national equivalised income,Croatia,2011,20.2,,
ESTAT:SDG_10_50(1.0),30/10/25 23:00:00,Annual,Share of national equivalised income,Croatia,2012,20.3,,
ESTAT:SDG_10_50(1.0),30/10/25 23:00:00,Annual,Share of national equivalised income,Croatia,2013,20.4,,
ESTAT:SDG_10_50(1.0),30/10/25 23:00:00,Annual,Share of national equivalised income,Croatia,2014,20.6,,
ESTAT:SDG_10_50(1.0),30/10/25 23:00:00,Annual,Share of national equivalised income,Croatia,2015,20.3,,
ESTAT:SDG_10_50(1.0),30/10/25 23:00:00,Annual,Share of national equivalised income,Croatia,2016,20.9,,
ESTAT:SDG_10_50(1.0),30/10/25 23:00:00,Annual,Share of national equivalised income,Croatia,2017,20.8,,
ESTAT:SDG_10_50(1.0),30/10/25 23:00:00,Annual,Share of national equivalised income,Croatia,2018,20.9,,
ESTAT:SDG_10_50(1.0),30/10/25 23:00:00,Annual,Share of national equivalised income,Croatia,2019,21.3,,
ESTAT:SDG_10_50(1.0),30/10/25 23:00:00,Annual,Share of national equivalised income,Croatia,2020,21.8,,
ESTAT:SDG_10_50(1.0),30/10/25 23:00:00,Annual,Share of national equivalised income,Croatia,2021,21.3,,
ESTAT:SDG_10_50(1.0),30/10/25 23:00:00,Annual,Share of national equivalised income,Croatia,2022,21.8,,
ESTAT:SDG_10_50(1.0),30/10/25 23:00:00,Annual,Share of national equivalised income,Croatia,2023,21.0,b,
ESTAT:SDG_10_50(1.0),30/10/25 23:00:00,Annual,Share of national equivalised income,Croatia,2024,21.0,b,
ESTAT:SDG_10_50(1.0),30/10/25 23:00:00,Annual,Share of national equivalised income,Hungary,2005,23.2,,
ESTAT:SDG_10_50(1.0),30/10/25 23:00:00,Annual,Share of national equivalised income,Hungary,2006,20.5,,
ESTAT:SDG_10_50(1.0),30/10/25 23:00:00,Annual,Share of national equivalised income,Hungary,2007,24.2,,
ESTAT:SDG_10_50(1.0),30/10/25 23:00:00,Annual,Share of national equivalised income,Hungary,2008,24.4,,
ESTAT:SDG_10_50(1.0),30/10/25 23:00:00,Annual,Share of national equivalised income,Hungary,2009,24.6,,
ESTAT:SDG_10_50(1.0),30/10/25 23:00:00,Annual,Share of national equivalised income,Hungary,2010,24.8,,
ESTAT:SDG_10_50(1.0),30/10/25 23:00:00,Annual,Share of national equivalised income,Hungary,2011,23.2,,
ESTAT:SDG_10_50(1.0),30/10/25 23:00:00,Annual,Share of national equivalised income,Hungary,2012,23.2,,
ESTAT:SDG_10_50(1.0),30/10/25 23:00:00,Annual,Share of national equivalised income,Hungary,2013,22.6,,
ESTAT:SDG_10_50(1.0),30/10/25 23:00:00,Annual,Share of national equivalised income,Hungary,2014,22.5,,
ESTAT:SDG_10_50(1.0),30/10/25 23:00:00,Annual,Share of national equivalised income,Hungary,2015,22.4,,
ESTAT:SDG_10_50(1.0),30/10/25 23:00:00,Annual,Share of national equivalised income,Hungary,2016,22.5,,
ESTAT:SDG_10_50(1.0),30/10/25 23:00:00,Annual,Share of national equivalised income,Hungary,2017,22.5,,
ESTAT:SDG_10_50(1.0),30/10/25 23:00:00,Annual,Share of national equivalised income,Hungary,2018,22.4,,
ESTAT:SDG_10_50(1.0),30/10/25 23:00:00,Annual,Share of national equivalised income,Hungary,2019,23.4,b,
ESTAT:SDG_10_50(1.0),30/10/25 23:00:00,Annual,Share of national equivalised income,Hungary,2020,23.1,,
ESTAT:SDG_10_50(1.0),30/10/25 23:00:00,Annual,Share of national equivalised income,Hungary,2021,23.2,,
ESTAT:SDG_10_50(1.0),30/10/25 23:00:00,Annual,Share of national equivalised income,Hungary,2022,23.4,,
ESTAT:SDG_10_50(1.0),30/10/25 23:00:00,Annual,Share of national equivalised income,Hungary,2023,23.2,,
ESTAT:SDG_10_50(1.0),30/10/25 23:00:00,Annual,Share of national equivalised income,Hungary,2024,23.1,,
ESTAT:SDG_10_50(1.0),30/10/25 23:00:00,Annual,Share of national equivalised income,Ireland,2000,21.0,,
ESTAT:SDG_10_50(1.0),30/10/25 23:00:00,Annual,Share of national equivalised income,Ireland,2001,21.0,,
ESTAT:SDG_10_50(1.0),30/10/25 23:00:00,Annual,Share of national equivalised income,Ireland,2003,20.8,b,
ESTAT:SDG_10_50(1.0),30/10/25 23:00:00,Annual,Share of national equivalised income,Ireland,2004,20.5,,
ESTAT:SDG_10_50(1.0),30/10/25 23:00:00,Annual,Share of national equivalised income,Ireland,2005,20.4,,
ESTAT:SDG_10_50(1.0),30/10/25 23:00:00,Annual,Share of national equivalised income,Ireland,2006,20.6,,
ESTAT:SDG_10_50(1.0),30/10/25 23:00:00,Annual,Share of national equivalised income,Ireland,2007,20.8,,
ESTAT:SDG_10_50(1.0),30/10/25 23:00:00,Annual,Share of national equivalised income,Ireland,2008,21.6,,
ESTAT:SDG_10_50(1.0),30/10/25 23:00:00,Annual,Share of national equivalised income,Ireland,2009,22.0,,
ESTAT:SDG_10_50(1.0),30/10/25 23:00:00,Annual,Share of national equivalised income,Ireland,2010,21.2,,
ESTAT:SDG_10_50(1.0),30/10/25 23:00:00,Annual,Share of national equivalised income,Ireland,2011,21.5,,
ESTAT:SDG_10_50(1.0),30/10/25 23:00:00,Annual,Share of national equivalised income,Ireland,2012,21.2,,
ESTAT:SDG_10_50(1.0),30/10/25 23:00:00,Annual,Share of national equivalised income,Ireland,2013,21.1,,
ESTAT:SDG_10_50(1.0),30/10/25 23:00:00,Annual,Share of national equivalised income,Ireland,2014,20.9,,
ESTAT:SDG_10_50(1.0),30/10/25 23:00:00,Annual,Share of national equivalised income,Ireland,2015,21.6,,
ESTAT:SDG_10_50(1.0),30/10/25 23:00:00,Annual,Share of national equivalised income,Ireland,2016,21.6,,
ESTAT:SDG_10_50(1.0),30/10/25 23:00:00,Annual,Share of national equivalised income,Ireland,2017,21.3,,
ESTAT:SDG_10_50(1.0),30/10/25 23:00:00,Annual,Share of national equivalised income,Ireland,2018,22.3,,
ESTAT:SDG_10_50(1.0),30/10/25 23:00:00,Annual,Share of national equivalised income,Ireland,2019,22.8,b,
ESTAT:SDG_10_50(1.0),30/10/25 23:00:00,Annual,Share of national equivalised income,Ireland,2020,23.1,b,
ESTAT:SDG_10_50(1.0),30/10/25 23:00:00,Annual,Share of national equivalised income,Ireland,2021,23.5,,
ESTAT:SDG_10_50(1.0),30/10/25 23:00:00,Annual,Share of national equivalised income,Ireland,2022,23.3,,
ESTAT:SDG_10_50(1.0),30/10/25 23:00:00,Annual,Share of national equivalised income,Ireland,2023,23.4,,
ESTAT:SDG_10_50(1.0),30/10/25 23:00:00,Annual,Share of national equivalised income,Ireland,2024,23.7,,
ESTAT:SDG_10_50(1.0),30/10/25 23:00:00,Annual,Share of national equivalised income,Italy,2000,22.0,,
ESTAT:SDG_10_50(1.0),30/10/25 23:00:00,Annual,Share of national equivalised income,Italy,2001,21.0,,
ESTAT:SDG_10_50(1.0),30/10/25 23:00:00,Annual,Share of national equivalised income,Italy,2004,19.9,b,
ESTAT:SDG_10_50(1.0),30/10/25 23:00:00,Annual,Share of national equivalised income,Italy,2005,20.0,,
ESTAT:SDG_10_50(1.0),30/10/25 23:00:00,Annual,Share of national equivalised income,Italy,2006,20.1,,
ESTAT:SDG_10_50(1.0),30/10/25 23:00:00,Annual,Share of national equivalised income,Italy,2007,20.1,,
ESTAT:SDG_10_50(1.0),30/10/25 23:00:00,Annual,Share of national equivalised income,Italy,2008,20.5,,
ESTAT:SDG_10_50(1.0),30/10/25 23:00:00,Annual,Share of national equivalised income,Italy,2009,20.3,,
ESTAT:SDG_10_50(1.0),30/10/25 23:00:00,Annual,Share of national equivalised income,Italy,2010,20.2,,
ESTAT:SDG_10_50(1.0),30/10/25 23:00:00,Annual,Share of national equivalised income,Italy,2011,19.9,,
ESTAT:SDG_10_50(1.0),30/10/25 23:00:00,Annual,Share of national equivalised income,Italy,2012,19.9,,
ESTAT:SDG_10_50(1.0),30/10/25 23:00:00,Annual,Share of national equivalised income,Italy,2013,19.7,,
ESTAT:SDG_10_50(1.0),30/10/25 23:00:00,Annual,Share of national equivalised income,Italy,2014,19.8,,
ESTAT:SDG_10_50(1.0),30/10/25 23:00:00,Annual,Share of national equivalised income,Italy,2015,19.7,,
ESTAT:SDG_10_50(1.0),30/10/25 23:00:00,Annual,Share of national equivalised income,Italy,2016,19.1,,
ESTAT:SDG_10_50(1.0),30/10/25 23:00:00,Annual,Share of national equivalised income,Italy,2017,19.5,,
ESTAT:SDG_10_50(1.0),30/10/25 23:00:00,Annual,Share of national equivalised income,Italy,2018,19.3,,
ESTAT:SDG_10_50(1.0),30/10/25 23:00:00,Annual,Share of national equivalised income,Italy,2019,19.5,,
ESTAT:SDG_10_50(1.0),30/10/25 23:00:00,Annual,Share of national equivalised income,Italy,2020,19.7,,
ESTAT:SDG_10_50(1.0),30/10/25 23:00:00,Annual,Share of national equivalised income,Italy,2021,19.6,,
ESTAT:SDG_10_50(1.0),30/10/25 23:00:00,Annual,Share of national equivalised income,Italy,2022,19.8,,
ESTAT:SDG_10_50(1.0),30/10/25 23:00:00,Annual,Share of national equivalised income,Italy,2023,20.4,,
ESTAT:SDG_10_50(1.0),30/10/25 23:00:00,Annual,Share of national equivalised income,Italy,2024,20.1,,
ESTAT:SDG_10_50(1.0),30/10/25 23:00:00,Annual,Share of national equivalised income,Lithuania,2005,18.0,,
ESTAT:SDG_10_50(1.0),30/10/25 23:00:00,Annual,Share of national equivalised income,Lithuania,2006,18.7,,
ESTAT:SDG_10_50(1.0),30/10/25 23:00:00,Annual,Share of national equivalised income,Lithuania,2007,19.4,,
ESTAT:SDG_10_50(1.0),30/10/25 23:00:00,Annual,Share of national equivalised income,Lithuania,2008,18.8,,
ESTAT:SDG_10_50(1.0),30/10/25 23:00:00,Annual,Share of national equivalised income,Lithuania,2009,18.5,,
ESTAT:SDG_10_50(1.0),30/10/25 23:00:00,Annual,Share of national equivalised income,Lithuania,2010,17.7,,
ESTAT:SDG_10_50(1.0),30/10/25 23:00:00,Annual,Share of national equivalised income,Lithuania,2011,19.4,,
ESTAT:SDG_10_50(1.0),30/10/25 23:00:00,Annual,Share of national equivalised income,Lithuania,2012,20.0,,
ESTAT:SDG_10_50(1.0),30/10/25 23:00:00,Annual,Share of national equivalised income,Lithuania,2013,18.9,,
ESTAT:SDG_10_50(1.0),30/10/25 23:00:00,Annual,Share of national equivalised income,Lithuania,2014,18.9,,
ESTAT:SDG_10_50(1.0),30/10/25 23:00:00,Annual,Share of national equivalised income,Lithuania,2015,17.3,,
ESTAT:SDG_10_50(1.0),30/10/25 23:00:00,Annual,Share of national equivalised income,Lithuania,2016,17.5,,
ESTAT:SDG_10_50(1.0),30/10/25 23:00:00,Annual,Share of national equivalised income,Lithuania,2017,17.2,,
ESTAT:SDG_10_50(1.0),30/10/25 23:00:00,Annual,Share of national equivalised income,Lithuania,2018,17.5,,
ESTAT:SDG_10_50(1.0),30/10/25 23:00:00,Annual,Share of national equivalised income,Lithuania,2019,18.2,,
ESTAT:SDG_10_50(1.0),30/10/25 23:00:00,Annual,Share of national equivalised income,Lithuania,2020,18.7,,
ESTAT:SDG_10_50(1.0),30/10/25 23:00:00,Annual,Share of national equivalised income,Lithuania,2021,18.8,,
ESTAT:SDG_10_50(1.0),30/10/25 23:00:00,Annual,Share of national equivalised income,Lithuania,2022,18.4,,
ESTAT:SDG_10_50(1.0),30/10/25 23:00:00,Annual,Share of national equivalised income,Lithuania,2023,18.5,,
ESTAT:SDG_10_50(1.0),30/10/25 23:00:00,Annual,Share of national equivalised income,Lithuania,2024,18.3,p,
ESTAT:SDG_10_50(1.0),30/10/25 23:00:00,Annual,Share of national equivalised income,Luxembourg,2000,24.0,,
ESTAT:SDG_10_50(1.0),30/10/25 23:00:00,Annual,Share of national equivalised income,Luxembourg,2001,24.0,,
ESTAT:SDG_10_50(1.0),30/10/25 23:00:00,Annual,Share of national equivalised income,Luxembourg,2003,23.3,b,
ESTAT:SDG_10_50(1.0),30/10/25 23:00:00,Annual,Share of national equivalised income,Luxembourg,2004,23.5,,
ESTAT:SDG_10_50(1.0),30/10/25 23:00:00,Annual,Share of national equivalised income,Luxembourg,2005,23.5,,
ESTAT:SDG_10_50(1.0),30/10/25 23:00:00,Annual,Share of national equivalised income,Luxembourg,2006,22.9,,
ESTAT:SDG_10_50(1.0),30/10/25 23:00:00,Annual,Share of national equivalised income,Luxembourg,2007,23.0,,
ESTAT:SDG_10_50(1.0),30/10/25 23:00:00,Annual,Share of national equivalised income,Luxembourg,2008,23.1,,
ESTAT:SDG_10_50(1.0),30/10/25 23:00:00,Annual,Share of national equivalised income,Luxembourg,2009,22.2,,
ESTAT:SDG_10_50(1.0),30/10/25 23:00:00,Annual,Share of national equivalised income,Luxembourg,2010,22.5,,
ESTAT:SDG_10_50(1.0),30/10/25 23:00:00,Annual,Share of national equivalised income,Luxembourg,2011,22.8,,
ESTAT:SDG_10_50(1.0),30/10/25 23:00:00,Annual,Share of national equivalised income,Luxembourg,2012,22.4,,
ESTAT:SDG_10_50(1.0),30/10/25 23:00:00,Annual,Share of national equivalised income,Luxembourg,2013,21.4,,
ESTAT:SDG_10_50(1.0),30/10/25 23:00:00,Annual,Share of national equivalised income,Luxembourg,2014,22.1,,
ESTAT:SDG_10_50(1.0),30/10/25 23:00:00,Annual,Share of national equivalised income,Luxembourg,2015,22.4,,
ESTAT:SDG_10_50(1.0),30/10/25 23:00:00,Annual,Share of national equivalised income,Luxembourg,2016,21.7,b,
ESTAT:SDG_10_50(1.0),30/10/25 23:00:00,Annual,Share of national equivalised income,Luxembourg,2017,21.7,,
ESTAT:SDG_10_50(1.0),30/10/25 23:00:00,Annual,Share of national equivalised income,Luxembourg,2018,20.6,,
ESTAT:SDG_10_50(1.0),30/10/25 23:00:00,Annual,Share of national equivalised income,Luxembourg,2019,20.4,,
ESTAT:SDG_10_50(1.0),30/10/25 23:00:00,Annual,Share of national equivalised income,Luxembourg,2020,20.6,b,
ESTAT:SDG_10_50(1.0),30/10/25 23:00:00,Annual,Share of national equivalised income,Luxembourg,2021,21.2,b,
ESTAT:SDG_10_50(1.0),30/10/25 23:00:00,Annual,Share of national equivalised income,Luxembourg,2022,21.5,b,
ESTAT:SDG_10_50(1.0),30/10/25 23:00:00,Annual,Share of national equivalised income,Luxembourg,2023,20.9,,
ESTAT:SDG_10_50(1.0),30/10/25 23:00:00,Annual,Share of national equivalised income,Luxembourg,2024,21.1,,
ESTAT:SDG_10_50(1.0),30/10/25 23:00:00,Annual,Share of national equivalised income,Latvia,2005,18.3,,
ESTAT:SDG_10_50(1.0),30/10/25 23:00:00,Annual,Share of national equivalised income,Latvia,2006,16.7,,
ESTAT:SDG_10_50(1.0),30/10/25 23:00:00,Annual,Share of national equivalised income,Latvia,2007,18.3,,
ESTAT:SDG_10_50(1.0),30/10/25 23:00:00,Annual,Share of national equivalised income,Latvia,2008,16.9,,
ESTAT:SDG_10_50(1.0),30/10/25 23:00:00,Annual,Share of national equivalised income,Latvia,2009,16.7,,
ESTAT:SDG_10_50(1.0),30/10/25 23:00:00,Annual,Share of national equivalised income,Latvia,2010,17.9,,
ESTAT:SDG_10_50(1.0),30/10/25 23:00:00,Annual,Share of national equivalised income,Latvia,2011,18.5,,
ESTAT:SDG_10_50(1.0),30/10/25 23:00:00,Annual,Share of national equivalised income,Latvia,2012,18.4,,
ESTAT:SDG_10_50(1.0),30/10/25 23:00:00,Annual,Share of national equivalised income,Latvia,2013,18.4,,
ESTAT:SDG_10_50(1.0),30/10/25 23:00:00,Annual,Share of national equivalised income,Latvia,2014,18.3,,
ESTAT:SDG_10_50(1.0),30/10/25 23:00:00,Annual,Share of national equivalised income,Latvia,2015,18.1,,
ESTAT:SDG_10_50(1.0),30/10/25 23:00:00,Annual,Share of national equivalised income,Latvia,2016,18.6,,
ESTAT:SDG_10_50(1.0),30/10/25 23:00:00,Annual,Share of national equivalised income,Latvia,2017,18.3,,
ESTAT:SDG_10_50(1.0),30/10/25 23:00:00,Annual,Share of national equivalised income,Latvia,2018,17.9,,
ESTAT:SDG_10_50(1.0),30/10/25 23:00:00,Annual,Share of national equivalised income,Latvia,2019,18.3,,
ESTAT:SDG_10_50(1.0),30/10/25 23:00:00,Annual,Share of national equivalised income,Latvia,2020,18.8,,
ESTAT:SDG_10_50(1.0),30/10/25 23:00:00,Annual,Share of national equivalised income,Latvia,2021,18.1,,
ESTAT:SDG_10_50(1.0),30/10/25 23:00:00,Annual,Share of national equivalised income,Latvia,2022,18.7,,
ESTAT:SDG_10_50(1.0),30/10/25 23:00:00,Annual,Share of national equivalised income,Latvia,2023,18.8,,
ESTAT:SDG_10_50(1.0),30/10/25 23:00:00,Annual,Share of national equivalised income,Latvia,2024,18.8,,
ESTAT:SDG_10_50(1.0),30/10/25 23:00:00,Annual,Share of national equivalised income,Malta,2005,22.8,,
ESTAT:SDG_10_50(1.0),30/10/25 23:00:00,Annual,Share of national equivalised income,Malta,2006,22.9,,
ESTAT:SDG_10_50(1.0),30/10/25 23:00:00,Annual,Share of national equivalised income,Malta,2007,23.2,,
ESTAT:SDG_10_50(1.0),30/10/25 23:00:00,Annual,Share of national equivalised income,Malta,2008,22.2,,
ESTAT:SDG_10_50(1.0),30/10/25 23:00:00,Annual,Share of national equivalised income,Malta,2009,22.7,,
ESTAT:SDG_10_50(1.0),30/10/25 23:00:00,Annual,Share of national equivalised income,Malta,2010,22.2,,
ESTAT:SDG_10_50(1.0),30/10/25 23:00:00,Annual,Share of national equivalised income,Malta,2011,22.8,,
ESTAT:SDG_10_50(1.0),30/10/25 23:00:00,Annual,Share of national equivalised income,Malta,2012,22.9,,
ESTAT:SDG_10_50(1.0),30/10/25 23:00:00,Annual,Share of national equivalised income,Malta,2013,22.4,,
ESTAT:SDG_10_50(1.0),30/10/25 23:00:00,Annual,Share of national equivalised income,Malta,2014,22.5,,
ESTAT:SDG_10_50(1.0),30/10/25 23:00:00,Annual,Share of national equivalised income,Malta,2015,22.3,,
ESTAT:SDG_10_50(1.0),30/10/25 23:00:00,Annual,Share of national equivalised income,Malta,2016,22.2,,
ESTAT:SDG_10_50(1.0),30/10/25 23:00:00,Annual,Share of national equivalised income,Malta,2017,22.3,,
ESTAT:SDG_10_50(1.0),30/10/25 23:00:00,Annual,Share of national equivalised income,Malta,2018,22.1,,
ESTAT:SDG_10_50(1.0),30/10/25 23:00:00,Annual,Share of national equivalised income,Malta,2019,22.3,,
ESTAT:SDG_10_50(1.0),30/10/25 23:00:00,Annual,Share of national equivalised income,Malta,2020,21.6,,
ESTAT:SDG_10_50(1.0),30/10/25 23:00:00,Annual,Share of national equivalised income,Malta,2021,20.9,,
ESTAT:SDG_10_50(1.0),30/10/25 23:00:00,Annual,Share of national equivalised income,Malta,2022,21.3,,
ESTAT:SDG_10_50(1.0),30/10/25 23:00:00,Annual,Share of national equivalised income,Malta,2023,20.1,,
ESTAT:SDG_10_50(1.0),30/10/25 23:00:00,Annual,Share of national equivalised income,Malta,2024,20.8,,
ESTAT:SDG_10_50(1.0),30/10/25 23:00:00,Annual,Share of national equivalised income,Netherlands,2000,25.0,,
ESTAT:SDG_10_50(1.0),30/10/25 23:00:00,Annual,Share of national equivalised income,Netherlands,2001,23.0,,
ESTAT:SDG_10_50(1.0),30/10/25 23:00:00,Annual,Share of national equivalised income,Netherlands,2005,23.5,b,
ESTAT:SDG_10_50(1.0),30/10/25 23:00:00,Annual,Share of national equivalised income,Netherlands,2006,23.9,,
ESTAT:SDG_10_50(1.0),30/10/25 23:00:00,Annual,Share of national equivalised income,Netherlands,2007,23.4,,
ESTAT:SDG_10_50(1.0),30/10/25 23:00:00,Annual,Share of national equivalised income,Netherlands,2008,23.5,,
ESTAT:SDG_10_50(1.0),30/10/25 23:00:00,Annual,Share of national equivalised income,Netherlands,2009,23.5,,
ESTAT:SDG_10_50(1.0),30/10/25 23:00:00,Annual,Share of national equivalised income,Netherlands,2010,24.2,,
ESTAT:SDG_10_50(1.0),30/10/25 23:00:00,Annual,Share of national equivalised income,Netherlands,2011,24.0,,
ESTAT:SDG_10_50(1.0),30/10/25 23:00:00,Annual,Share of national equivalised income,Netherlands,2012,24.4,,
ESTAT:SDG_10_50(1.0),30/10/25 23:00:00,Annual,Share of national equivalised income,Netherlands,2013,24.4,,
ESTAT:SDG_10_50(1.0),30/10/25 23:00:00,Annual,Share of national equivalised income,Netherlands,2014,23.8,,
ESTAT:SDG_10_50(1.0),30/10/25 23:00:00,Annual,Share of national equivalised income,Netherlands,2015,23.7,,
ESTAT:SDG_10_50(1.0),30/10/25 23:00:00,Annual,Share of national equivalised income,Netherlands,2016,23.3,b,
ESTAT:SDG_10_50(1.0),30/10/25 23:00:00,Annual,Share of national equivalised income,Netherlands,2017,23.2,,
ESTAT:SDG_10_50(1.0),30/10/25 23:00:00,Annual,Share of national equivalised income,Netherlands,2018,23.1,,
ESTAT:SDG_10_50(1.0),30/10/25 23:00:00,Annual,Share of national equivalised income,Netherlands,2019,23.4,,
ESTAT:SDG_10_50(1.0),30/10/25 23:00:00,Annual,Share of national equivalised income,Netherlands,2020,22.9,,
ESTAT:SDG_10_50(1.0),30/10/25 23:00:00,Annual,Share of national equivalised income,Netherlands,2021,23.4,,
ESTAT:SDG_10_50(1.0),30/10/25 23:00:00,Annual,Share of national equivalised income,Netherlands,2022,23.2,,
ESTAT:SDG_10_50(1.0),30/10/25 23:00:00,Annual,Share of national equivalised income,Netherlands,2023,23.5,,
ESTAT:SDG_10_50(1.0),30/10/25 23:00:00,Annual,Share of national equivalised income,Netherlands,2024,23.9,,
ESTAT:SDG_10_50(1.0),30/10/25 23:00:00,Annual,Share of national equivalised income,Norway,2003,24.4,,
ESTAT:SDG_10_50(1.0),30/10/25 23:00:00,Annual,Share of national equivalised income,Norway,2004,24.8,,
ESTAT:SDG_10_50(1.0),30/10/25 23:00:00,Annual,Share of national equivalised income,Norway,2005,23.7,,
ESTAT:SDG_10_50(1.0),30/10/25 23:00:00,Annual,Share of national equivalised income,Norway,2006,22.9,,
ESTAT:SDG_10_50(1.0),30/10/25 23:00:00,Annual,Share of national equivalised income,Norway,2007,25.0,,
ESTAT:SDG_10_50(1.0),30/10/25 23:00:00,Annual,Share of national equivalised income,Norway,2008,24.6,,
ESTAT:SDG_10_50(1.0),30/10/25 23:00:00,Annual,Share of national equivalised income,Norway,2009,24.9,,
ESTAT:SDG_10_50(1.0),30/10/25 23:00:00,Annual,Share of national equivalised income,Norway,2010,25.2,,
ESTAT:SDG_10_50(1.0),30/10/25 23:00:00,Annual,Share of national equivalised income,Norway,2011,25.6,,
ESTAT:SDG_10_50(1.0),30/10/25 23:00:00,Annual,Share of national equivalised income,Norway,2012,25.8,,
ESTAT:SDG_10_50(1.0),30/10/25 23:00:00,Annual,Share of national equivalised income,Norway,2013,25.6,,
ESTAT:SDG_10_50(1.0),30/10/25 23:00:00,Annual,Share of national equivalised income,Norway,2014,25.3,,
ESTAT:SDG_10_50(1.0),30/10/25 23:00:00,Annual,Share of national equivalised income,Norway,2015,25.0,,
ESTAT:SDG_10_50(1.0),30/10/25 23:00:00,Annual,Share of national equivalised income,Norway,2016,24.5,,
ESTAT:SDG_10_50(1.0),30/10/25 23:00:00,Annual,Share of national equivalised income,Norway,2017,24.0,,
ESTAT:SDG_10_50(1.0),30/10/25 23:00:00,Annual,Share of national equivalised income,Norway,2018,24.3,,
ESTAT:SDG_10_50(1.0),30/10/25 23:00:00,Annual,Share of national equivalised income,Norway,2019,24.2,,
ESTAT:SDG_10_50(1.0),30/10/25 23:00:00,Annual,Share of national equivalised income,Norway,2020,24.2,,
ESTAT:SDG_10_50(1.0),30/10/25 23:00:00,Annual,Share of national equivalised income,Norway,2021,24.0,b,
ESTAT:SDG_10_50(1.0),30/10/25 23:00:00,Annual,Share of national equivalised income,Norway,2022,23.6,,
ESTAT:SDG_10_50(1.0),30/10/25 23:00:00,Annual,Share of national equivalised income,Norway,2023,24.6,b,
ESTAT:SDG_10_50(1.0),30/10/25 23:00:00,Annual,Share of national equivalised income,Norway,2024,24.7,,
ESTAT:SDG_10_50(1.0),30/10/25 23:00:00,Annual,Share of national equivalised income,Poland,2005,18.5,,
ESTAT:SDG_10_50(1.0),30/10/25 23:00:00,Annual,Share of national equivalised income,Poland,2006,19.6,,
ESTAT:SDG_10_50(1.0),30/10/25 23:00:00,Annual,Share of national equivalised income,Poland,2007,20.4,,
ESTAT:SDG_10_50(1.0),30/10/25 23:00:00,Annual,Share of national equivalised income,Poland,2008,20.6,,
ESTAT:SDG_10_50(1.0),30/10/25 23:00:00,Annual,Share of national equivalised income,Poland,2009,20.9,,
ESTAT:SDG_10_50(1.0),30/10/25 23:00:00,Annual,Share of national equivalised income,Poland,2010,20.9,,
ESTAT:SDG_10_50(1.0),30/10/25 23:00:00,Annual,Share of national equivalised income,Poland,2011,20.9,,
ESTAT:SDG_10_50(1.0),30/10/25 23:00:00,Annual,Share of national equivalised income,Poland,2012,20.9,,
ESTAT:SDG_10_50(1.0),30/10/25 23:00:00,Annual,Share of national equivalised income,Poland,2013,21.1,,
ESTAT:SDG_10_50(1.0),30/10/25 23:00:00,Annual,Share of national equivalised income,Poland,2014,21.0,,
ESTAT:SDG_10_50(1.0),30/10/25 23:00:00,Annual,Share of national equivalised income,Poland,2015,21.1,,
ESTAT:SDG_10_50(1.0),30/10/25 23:00:00,Annual,Share of national equivalised income,Poland,2016,21.3,,
ESTAT:SDG_10_50(1.0),30/10/25 23:00:00,Annual,Share of national equivalised income,Poland,2017,22.1,,
ESTAT:SDG_10_50(1.0),30/10/25 23:00:00,Annual,Share of national equivalised income,Poland,2018,22.6,,
ESTAT:SDG_10_50(1.0),30/10/25 23:00:00,Annual,Share of national equivalised income,Poland,2019,22.3,,
ESTAT:SDG_10_50(1.0),30/10/25 23:00:00,Annual,Share of national equivalised income,Poland,2020,22.9,,
ESTAT:SDG_10_50(1.0),30/10/25 23:00:00,Annual,Share of national equivalised income,Poland,2021,23.1,,
ESTAT:SDG_10_50(1.0),30/10/25 23:00:00,Annual,Share of national equivalised income,Poland,2022,23.5,,
ESTAT:SDG_10_50(1.0),30/10/25 23:00:00,Annual,Share of national equivalised income,Poland,2023,23.2,,
ESTAT:SDG_10_50(1.0),30/10/25 23:00:00,Annual,Share of national equivalised income,Poland,2024,23.6,,
ESTAT:SDG_10_50(1.0),30/10/25 23:00:00,Annual,Share of national equivalised income,Portugal,2000,19.0,,
ESTAT:SDG_10_50(1.0),30/10/25 23:00:00,Annual,Share of national equivalised income,Portugal,2001,18.0,,
ESTAT:SDG_10_50(1.0),30/10/25 23:00:00,Annual,Share of national equivalised income,Portugal,2004,17.8,b,
ESTAT:SDG_10_50(1.0),30/10/25 23:00:00,Annual,Share of national equivalised income,Portugal,2005,17.9,,
ESTAT:SDG_10_50(1.0),30/10/25 23:00:00,Annual,Share of national equivalised income,Portugal,2006,18.3,,
ESTAT:SDG_10_50(1.0),30/10/25 23:00:00,Annual,Share of national equivalised income,Portugal,2007,18.4,,
ESTAT:SDG_10_50(1.0),30/10/25 23:00:00,Annual,Share of national equivalised income,Portugal,2008,18.8,,
ESTAT:SDG_10_50(1.0),30/10/25 23:00:00,Annual,Share of national equivalised income,Portugal,2009,19.2,,
ESTAT:SDG_10_50(1.0),30/10/25 23:00:00,Annual,Share of national equivalised income,Portugal,2010,19.7,,
ESTAT:SDG_10_50(1.0),30/10/25 23:00:00,Annual,Share of national equivalised income,Portugal,2011,19.6,,
ESTAT:SDG_10_50(1.0),30/10/25 23:00:00,Annual,Share of national equivalised income,Portugal,2012,19.6,,
ESTAT:SDG_10_50(1.0),30/10/25 23:00:00,Annual,Share of national equivalised income,Portugal,2013,19.4,,
ESTAT:SDG_10_50(1.0),30/10/25 23:00:00,Annual,Share of national equivalised income,Portugal,2014,19.0,,
ESTAT:SDG_10_50(1.0),30/10/25 23:00:00,Annual,Share of national equivalised income,Portugal,2015,19.4,,
ESTAT:SDG_10_50(1.0),30/10/25 23:00:00,Annual,Share of national equivalised income,Portugal,2016,19.4,,
ESTAT:SDG_10_50(1.0),30/10/25 23:00:00,Annual,Share of national equivalised income,Portugal,2017,19.9,,
ESTAT:SDG_10_50(1.0),30/10/25 23:00:00,Annual,Share of national equivalised income,Portugal,2018,20.5,,
ESTAT:SDG_10_50(1.0),30/10/25 23:00:00,Annual,Share of national equivalised income,Portugal,2019,20.7,,
ESTAT:SDG_10_50(1.0),30/10/25 23:00:00,Annual,Share of national equivalised income,Portugal,2020,21.0,,
ESTAT:SDG_10_50(1.0),30/10/25 23:00:00,Annual,Share of national equivalised income,Portugal,2021,20.0,,
ESTAT:SDG_10_50(1.0),30/10/25 23:00:00,Annual,Share of national equivalised income,Portugal,2022,20.9,,
ESTAT:SDG_10_50(1.0),30/10/25 23:00:00,Annual,Share of national equivalised income,Portugal,2023,19.9,,
ESTAT:SDG_10_50(1.0),30/10/25 23:00:00,Annual,Share of national equivalised income,Portugal,2024,20.7,,
ESTAT:SDG_10_50(1.0),30/10/25 23:00:00,Annual,Share of national equivalised income,Romania,2007,16.5,,
ESTAT:SDG_10_50(1.0),30/10/25 23:00:00,Annual,Share of national equivalised income,Romania,2008,17.8,,
ESTAT:SDG_10_50(1.0),30/10/25 23:00:00,Annual,Share of national equivalised income,Romania,2009,18.5,,
ESTAT:SDG_10_50(1.0),30/10/25 23:00:00,Annual,Share of national equivalised income,Romania,2010,19.0,,
ESTAT:SDG_10_50(1.0),30/10/25 23:00:00,Annual,Share of national equivalised income,Romania,2011,18.8,,
ESTAT:SDG_10_50(1.0),30/10/25 23:00:00,Annual,Share of national equivalised income,Romania,2012,18.4,,
ESTAT:SDG_10_50(1.0),30/10/25 23:00:00,Annual,Share of national equivalised income,Romania,2013,18.1,,
ESTAT:SDG_10_50(1.0),30/10/25 23:00:00,Annual,Share of national equivalised income,Romania,2014,17.6,,
ESTAT:SDG_10_50(1.0),30/10/25 23:00:00,Annual,Share of national equivalised income,Romania,2015,16.8,,
ESTAT:SDG_10_50(1.0),30/10/25 23:00:00,Annual,Share of national equivalised income,Romania,2016,17.5,,
ESTAT:SDG_10_50(1.0),30/10/25 23:00:00,Annual,Share of national equivalised income,Romania,2017,18.6,,
ESTAT:SDG_10_50(1.0),30/10/25 23:00:00,Annual,Share of national equivalised income,Romania,2018,17.6,,
ESTAT:SDG_10_50(1.0),30/10/25 23:00:00,Annual,Share of national equivalised income,Romania,2019,17.8,,
ESTAT:SDG_10_50(1.0),30/10/25 23:00:00,Annual,Share of national equivalised income,Romania,2020,18.3,,
ESTAT:SDG_10_50(1.0),30/10/25 23:00:00,Annual,Share of national equivalised income,Romania,2021,17.9,,
ESTAT:SDG_10_50(1.0),30/10/25 23:00:00,Annual,Share of national equivalised income,Romania,2022,19.4,,
ESTAT:SDG_10_50(1.0),30/10/25 23:00:00,Annual,Share of national equivalised income,Romania,2023,19.8,,
ESTAT:SDG_10_50(1.0),30/10/25 23:00:00,Annual,Share of national equivalised income,Romania,2024,21.8,,
ESTAT:SDG_10_50(1.0),30/10/25 23:00:00,Annual,Share of national equivalised income,Sweden,2004,25.2,,
ESTAT:SDG_10_50(1.0),30/10/25 23:00:00,Annual,Share of national equivalised income,Sweden,2005,25.4,,
ESTAT:SDG_10_50(1.0),30/10/25 23:00:00,Annual,Share of national equivalised income,Sweden,2006,24.6,,
ESTAT:SDG_10_50(1.0),30/10/25 23:00:00,Annual,Share of national equivalised income,Sweden,2007,25.2,,
ESTAT:SDG_10_50(1.0),30/10/25 23:00:00,Annual,Share of national equivalised income,Sweden,2008,24.0,b,
ESTAT:SDG_10_50(1.0),30/10/25 23:00:00,Annual,Share of national equivalised income,Sweden,2009,23.4,,
ESTAT:SDG_10_50(1.0),30/10/25 23:00:00,Annual,Share of national equivalised income,Sweden,2010,23.6,,
ESTAT:SDG_10_50(1.0),30/10/25 23:00:00,Annual,Share of national equivalised income,Sweden,2011,23.3,,
ESTAT:SDG_10_50(1.0),30/10/25 23:00:00,Annual,Share of national equivalised income,Sweden,2012,23.2,,
ESTAT:SDG_10_50(1.0),30/10/25 23:00:00,Annual,Share of national equivalised income,Sweden,2013,23.3,,
ESTAT:SDG_10_50(1.0),30/10/25 23:00:00,Annual,Share of national equivalised income,Sweden,2014,22.9,,
ESTAT:SDG_10_50(1.0),30/10/25 23:00:00,Annual,Share of national equivalised income,Sweden,2015,22.9,,
ESTAT:SDG_10_50(1.0),30/10/25 23:00:00,Annual,Share of national equivalised income,Sweden,2016,22.6,,
ESTAT:SDG_10_50(1.0),30/10/25 23:00:00,Annual,Share of national equivalised income,Sweden,2017,22.5,,
ESTAT:SDG_10_50(1.0),30/10/25 23:00:00,Annual,Share of national equivalised income,Sweden,2018,22.8,,
ESTAT:SDG_10_50(1.0),30/10/25 23:00:00,Annual,Share of national equivalised income,Sweden,2019,22.4,,
ESTAT:SDG_10_50(1.0),30/10/25 23:00:00,Annual,Share of national equivalised income,Sweden,2020,22.8,,
ESTAT:SDG_10_50(1.0),30/10/25 23:00:00,Annual,Share of national equivalised income,Sweden,2021,22.9,,
ESTAT:SDG_10_50(1.0),30/10/25 23:00:00,Annual,Share of national equivalised income,Sweden,2022,22.4,,
ESTAT:SDG_10_50(1.0),30/10/25 23:00:00,Annual,Share of national equivalised income,Sweden,2023,21.8,,
ESTAT:SDG_10_50(1.0),30/10/25 23:00:00,Annual,Share of national equivalised income,Sweden,2024,22.5,,
ESTAT:SDG_10_50(1.0),30/10/25 23:00:00,Annual,Share of national equivalised income,Slovenia,2005,25.0,,
ESTAT:SDG_10_50(1.0),30/10/25 23:00:00,Annual,Share of national equivalised income,Slovenia,2006,25.0,,
ESTAT:SDG_10_50(1.0),30/10/25 23:00:00,Annual,Share of national equivalised income,Slovenia,2007,25.3,,
ESTAT:SDG_10_50(1.0),30/10/25 23:00:00,Annual,Share of national equivalised income,Slovenia,2008,25.2,,
ESTAT:SDG_10_50(1.0),30/10/25 23:00:00,Annual,Share of national equivalised income,Slovenia,2009,25.5,,
ESTAT:SDG_10_50(1.0),30/10/25 23:00:00,Annual,Share of national equivalised income,Slovenia,2010,24.9,,
ESTAT:SDG_10_50(1.0),30/10/25 23:00:00,Annual,Share of national equivalised income,Slovenia,2011,24.7,,
ESTAT:SDG_10_50(1.0),30/10/25 23:00:00,Annual,Share of national equivalised income,Slovenia,2012,24.8,,
ESTAT:SDG_10_50(1.0),30/10/25 23:00:00,Annual,Share of national equivalised income,Slovenia,2013,24.4,,
ESTAT:SDG_10_50(1.0),30/10/25 23:00:00,Annual,Share of national equivalised income,Slovenia,2014,24.1,,
ESTAT:SDG_10_50(1.0),30/10/25 23:00:00,Annual,Share of national equivalised income,Slovenia,2015,24.4,,
ESTAT:SDG_10_50(1.0),30/10/25 23:00:00,Annual,Share of national equivalised income,Slovenia,2016,24.4,,
ESTAT:SDG_10_50(1.0),30/10/25 23:00:00,Annual,Share of national equivalised income,Slovenia,2017,24.8,,
ESTAT:SDG_10_50(1.0),30/10/25 23:00:00,Annual,Share of national equivalised income,Slovenia,2018,25.0,,
ESTAT:SDG_10_50(1.0),30/10/25 23:00:00,Annual,Share of national equivalised income,Slovenia,2019,24.9,,
ESTAT:SDG_10_50(1.0),30/10/25 23:00:00,Annual,Share of national equivalised income,Slovenia,2020,25.0,,
ESTAT:SDG_10_50(1.0),30/10/25 23:00:00,Annual,Share of national equivalised income,Slovenia,2021,25.4,,
ESTAT:SDG_10_50(1.0),30/10/25 23:00:00,Annual,Share of national equivalised income,Slovenia,2022,25.2,,
ESTAT:SDG_10_50(1.0),30/10/25 23:00:00,Annual,Share of national equivalised income,Slovenia,2023,25.1,,
ESTAT:SDG_10_50(1.0),30/10/25 23:00:00,Annual,Share of national equivalised income,Slovenia,2024,24.7,,
ESTAT:SDG_10_50(1.0),30/10/25 23:00:00,Annual,Share of national equivalised income,Slovakia,2005,23.8,,
ESTAT:SDG_10_50(1.0),30/10/25 23:00:00,Annual,Share of national equivalised income,Slovakia,2006,23.5,,
ESTAT:SDG_10_50(1.0),30/10/25 23:00:00,Annual,Share of national equivalised income,Slovakia,2007,24.9,,
ESTAT:SDG_10_50(1.0),30/10/25 23:00:00,Annual,Share of national equivalised income,Slovakia,2008,25.1,,
ESTAT:SDG_10_50(1.0),30/10/25 23:00:00,Annual,Share of national equivalised income,Slovakia,2009,24.6,,
ESTAT:SDG_10_50(1.0),30/10/25 23:00:00,Annual,Share of national equivalised income,Slovakia,2010,23.9,,
ESTAT:SDG_10_50(1.0),30/10/25 23:00:00,Annual,Share of national equivalised income,Slovakia,2011,24.0,,
ESTAT:SDG_10_50(1.0),30/10/25 23:00:00,Annual,Share of national equivalised income,Slovakia,2012,23.9,,
ESTAT:SDG_10_50(1.0),30/10/25 23:00:00,Annual,Share of national equivalised income,Slovakia,2013,24.5,,
ESTAT:SDG_10_50(1.0),30/10/25 23:00:00,Annual,Share of national equivalised income,Slovakia,2014,23.8,,
ESTAT:SDG_10_50(1.0),30/10/25 23:00:00,Annual,Share of national equivalised income,Slovakia,2015,24.8,,
ESTAT:SDG_10_50(1.0),30/10/25 23:00:00,Annual,Share of national equivalised income,Slovakia,2016,24.5,,
ESTAT:SDG_10_50(1.0),30/10/25 23:00:00,Annual,Share of national equivalised income,Slovakia,2017,25.0,,
ESTAT:SDG_10_50(1.0),30/10/25 23:00:00,Annual,Share of national equivalised income,Slovakia,2018,26.2,,
ESTAT:SDG_10_50(1.0),30/10/25 23:00:00,Annual,Share of national equivalised income,Slovakia,2019,25.1,,
ESTAT:SDG_10_50(1.0),30/10/25 23:00:00,Annual,Share of national equivalised income,Slovakia,2020,26.1,,
ESTAT:SDG_10_50(1.0),30/10/25 23:00:00,Annual,Share of national equivalised income,Slovakia,2021,25.5,,
ESTAT:SDG_10_50(1.0),30/10/25 23:00:00,Annual,Share of national equivalised income,Slovakia,2022,26.0,,
ESTAT:SDG_10_50(1.0),30/10/25 23:00:00,Annual,Share of national equivalised income,Slovakia,2023,25.6,,
ESTAT:SDG_10_50(1.0),30/10/25 23:00:00,Annual,Share of national equivalised income,Slovakia,2024,25.7,,
ESTAT:SDG_10_50(1.0),30/10/25 23:00:00,Annual,Share of national equivalised income,United Kingdom,2000,21.0,,
ESTAT:SDG_10_50(1.0),30/10/25 23:00:00,Annual,Share of national equivalised income,United Kingdom,2001,21.0,,
ESTAT:SDG_10_50(1.0),30/10/25 23:00:00,Annual,Share of national equivalised income,United Kingdom,2005,19.3,b,
ESTAT:SDG_10_50(1.0),30/10/25 23:00:00,Annual,Share of national equivalised income,United Kingdom,2006,20.0,,
ESTAT:SDG_10_50(1.0),30/10/25 23:00:00,Annual,Share of national equivalised income,United Kingdom,2007,20.2,,
ESTAT:SDG_10_50(1.0),30/10/25 23:00:00,Annual,Share of national equivalised income,United Kingdom,2008,19.7,,
ESTAT:SDG_10_50(1.0),30/10/25 23:00:00,Annual,Share of national equivalised income,United Kingdom,2009,20.4,,
ESTAT:SDG_10_50(1.0),30/10/25 23:00:00,Annual,Share of national equivalised income,United Kingdom,2010,20.1,,
ESTAT:SDG_10_50(1.0),30/10/25 23:00:00,Annual,Share of national equivalised income,United Kingdom,2011,20.2,,
ESTAT:SDG_10_50(1.0),30/10/25 23:00:00,Annual,Share of national equivalised income,United Kingdom,2012,20.9,b,
ESTAT:SDG_10_50(1.0),30/10/25 23:00:00,Annual,Share of national equivalised income,United Kingdom,2013,21.3,,
ESTAT:SDG_10_50(1.0),30/10/25 23:00:00,Annual,Share of national equivalised income,United Kingdom,2014,20.6,,
ESTAT:SDG_10_50(1.0),30/10/25 23:00:00,Annual,Share of national equivalised income,United Kingdom,2015,20.3,,
ESTAT:SDG_10_50(1.0),30/10/25 23:00:00,Annual,Share of national equivalised income,United Kingdom,2016,20.7,,
ESTAT:SDG_10_50(1.0),30/10/25 23:00:00,Annual,Share of national equivalised income,United Kingdom,2017,20.1,b,
ESTAT:SDG_10_50(1.0),30/10/25 23:00:00,Annual,Share of national equivalised income,United Kingdom,2018,19.7,,
