DATAFLOW,LAST UPDATE,freq,age,sex,unit,geo,TIME_PERIOD,OBS_VALUE,OBS_FLAG,CONF_STATUS
ESTAT:SDG_10_41(1.0),30/10/25 23:00:00,Annual,Total,Total,Ratio,Austria,2003,4.07,b,
ESTAT:SDG_10_41(1.0),30/10/25 23:00:00,Annual,Total,Total,Ratio,Austria,2004,3.77,,
ESTAT:SDG_10_41(1.0),30/10/25 23:00:00,Annual,Total,Total,Ratio,Austria,2005,3.81,,
ESTAT:SDG_10_41(1.0),30/10/25 23:00:00,Annual,Total,Total,Ratio,Austria,2006,3.66,,
ESTAT:SDG_10_41(1.0),30/10/25 23:00:00,Annual,Total,Total,Ratio,Austria,2007,3.77,,
ESTAT:SDG_10_41(1.0),30/10/25 23:00:00,Annual,Total,Total,Ratio,Austria,2008,4.19,b,
ESTAT:SDG_10_41(1.0),30/10/25 23:00:00,Annual,Total,Total,Ratio,Austria,2009,4.15,,
ESTAT:SDG_10_41(1.0),30/10/25 23:00:00,Annual,Total,Total,Ratio,Austria,2010,4.34,,
ESTAT:SDG_10_41(1.0),30/10/25 23:00:00,Annual,Total,Total,Ratio,Austria,2011,4.12,,
ESTAT:SDG_10_41(1.0),30/10/25 23:00:00,Annual,Total,Total,Ratio,Austria,2012,4.20,,
ESTAT:SDG_10_41(1.0),30/10/25 23:00:00,Annual,Total,Total,Ratio,Austria,2013,4.11,,
ESTAT:SDG_10_41(1.0),30/10/25 23:00:00,Annual,Total,Total,Ratio,Austria,2014,4.13,,
ESTAT:SDG_10_41(1.0),30/10/25 23:00:00,Annual,Total,Total,Ratio,Austria,2015,4.05,,
ESTAT:SDG_10_41(1.0),30/10/25 23:00:00,Annual,Total,Total,Ratio,Austria,2016,4.09,,
ESTAT:SDG_10_41(1.0),30/10/25 23:00:00,Annual,Total,Total,Ratio,Austria,2017,4.29,,
ESTAT:SDG_10_41(1.0),30/10/25 23:00:00,Annual,Total,Total,Ratio,Austria,2018,4.04,,
ESTAT:SDG_10_41(1.0),30/10/25 23:00:00,Annual,Total,Total,Ratio,Austria,2019,4.17,,
ESTAT:SDG_10_41(1.0),30/10/25 23:00:00,Annual,Total,Total,Ratio,Austria,2020,4.11,,
ESTAT:SDG_10_41(1.0),30/10/25 23:00:00,Annual,Total,Total,Ratio,Austria,2021,4.00,,
ESTAT:SDG_10_41(1.0),30/10/25 23:00:00,Annual,Total,Total,Ratio,Austria,2022,4.25,,
ESTAT:SDG_10_41(1.0),30/10/25 23:00:00,Annual,Total,Total,Ratio,Austria,2023,4.28,,
ESTAT:SDG_10_41(1.0),30/10/25 23:00:00,Annual,Total,Total,Ratio,Austria,2024,4.34,,
ESTAT:SDG_10_41(1.0),30/10/25 23:00:00,Annual,Total,Total,Ratio,Belgium,2003,4.35,b,
ESTAT:SDG_10_41(1.0),30/10/25 23:00:00,Annual,Total,Total,Ratio,Belgium,2004,3.91,,
ESTAT:SDG_10_41(1.0),30/10/25 23:00:00,Annual,Total,Total,Ratio,Belgium,2005,4.04,,
ESTAT:SDG_10_41(1.0),30/10/25 23:00:00,Annual,Total,Total,Ratio,Belgium,2006,4.17,,
ESTAT:SDG_10_41(1.0),30/10/25 23:00:00,Annual,Total,Total,Ratio,Belgium,2007,3.87,,
ESTAT:SDG_10_41(1.0),30/10/25 23:00:00,Annual,Total,Total,Ratio,Belgium,2008,4.06,,
ESTAT:SDG_10_41(1.0),30/10/25 23:00:00,Annual,Total,Total,Ratio,Belgium,2009,3.91,,
ESTAT:SDG_10_41(1.0),30/10/25 23:00:00,Annual,Total,Total,Ratio,Belgium,2010,3.92,,
ESTAT:SDG_10_41(1.0),30/10/25 23:00:00,Annual,Total,Total,Ratio,Belgium,2011,3.86,,
ESTAT:SDG_10_41(1.0),30/10/25 23:00:00,Annual,Total,Total,Ratio,Belgium,2012,3.95,,
ESTAT:SDG_10_41(1.0),30/10/25 23:00:00,Annual,Total,Total,Ratio,Belgium,2013,3.81,,
ESTAT:SDG_10_41(1.0),30/10/25 23:00:00,Annual,Total,Total,Ratio,Belgium,2014,3.81,,
ESTAT:SDG_10_41(1.0),30/10/25 23:00:00,Annual,Total,Total,Ratio,Belgium,2015,3.83,,
ESTAT:SDG_10_41(1.0),30/10/25 23:00:00,Annual,Total,Total,Ratio,Belgium,2016,3.85,,
ESTAT:SDG_10_41(1.0),30/10/25 23:00:00,Annual,Total,Total,Ratio,Belgium,2017,3.84,,
ESTAT:SDG_10_41(1.0),30/10/25 23:00:00,Annual,Total,Total,Ratio,Belgium,2018,3.79,,
ESTAT:SDG_10_41(1.0),30/10/25 23:00:00,Annual,Total,Total,Ratio,Belgium,2019,3.60,b,
ESTAT:SDG_10_41(1.0),30/10/25 23:00:00,Annual,Total,Total,Ratio,Belgium,2020,3.63,,
ESTAT:SDG_10_41(1.0),30/10/25 23:00:00,Annual,Total,Total,Ratio,Belgium,2021,3.41,,
ESTAT:SDG_10_41(1.0),30/10/25 23:00:00,Annual,Total,Total,Ratio,Belgium,2022,3.53,,
ESTAT:SDG_10_41(1.0),30/10/25 23:00:00,Annual,Total,Total,Ratio,Belgium,2023,3.39,,
ESTAT:SDG_10_41(1.0),30/10/25 23:00:00,Annual,Total,Total,Ratio,Belgium,2024,3.45,,
ESTAT:SDG_10_41(1.0),30/10/25 23:00:00,Annual,Total,Total,Ratio,Bulgaria,2006,5.12,b,
ESTAT:SDG_10_41(1.0),30/10/25 23:00:00,Annual,Total,Total,Ratio,Bulgaria,2007,6.98,,
ESTAT:SDG_10_41(1.0),30/10/25 23:00:00,Annual,Total,Total,Ratio,Bulgaria,2008,6.48,,
ESTAT:SDG_10_41(1.0),30/10/25 23:00:00,Annual,Total,Total,Ratio,Bulgaria,2009,5.91,,
ESTAT:SDG_10_41(1.0),30/10/25 23:00:00,Annual,Total,Total,Ratio,Bulgaria,2010,5.86,,
ESTAT:SDG_10_41(1.0),30/10/25 23:00:00,Annual,Total,Total,Ratio,Bulgaria,2011,6.46,,
ESTAT:SDG_10_41(1.0),30/10/25 23:00:00,Annual,Total,Total,Ratio,Bulgaria,2012,6.12,,
ESTAT:SDG_10_41(1.0),30/10/25 23:00:00,Annual,Total,Total,Ratio,Bulgaria,2013,6.59,,
ESTAT:SDG_10_41(1.0),30/10/25 23:00:00,Annual,Total,Total,Ratio,Bulgaria,2014,6.81,,
ESTAT:SDG_10_41(1.0),30/10/25 23:00:00,Annual,Total,Total,Ratio,Bulgaria,2015,7.11,,
ESTAT:SDG_10_41(1.0),30/10/25 23:00:00,Annual,Total,Total,Ratio,Bulgaria,2016,7.69,b,
ESTAT:SDG_10_41(1.0),30/10/25 23:00:00,Annual,Total,Total,Ratio,Bulgaria,2017,8.23,,
ESTAT:SDG_10_41(1.0),30/10/25 23:00:00,Annual,Total,Total,Ratio,Bulgaria,2018,7.66,,
ESTAT:SDG_10_41(1.0),30/10/25 23:00:00,Annual,Total,Total,Ratio,Bulgaria,2019,8.10,,
ESTAT:SDG_10_41(1.0),30/10/25 23:00:00,Annual,Total,Total,Ratio,Bulgaria,2020,8.01,,
ESTAT:SDG_10_41(1.0),30/10/25 23:00:00,Annual,Total,Total,Ratio,Bulgaria,2021,7.45,,
ESTAT:SDG_10_41(1.0),30/10/25 23:00:00,Annual,Total,Total,Ratio,Bulgaria,2022,7.30,,
ESTAT:SDG_10_41(1.0),30/10/25 23:00:00,Annual,Total,Total,Ratio,Bulgaria,2023,6.61,,
ESTAT:SDG_10_41(1.0),30/10/25 23:00:00,Annual,Total,Total,Ratio,Bulgaria,2024,6.96,,
ESTAT:SDG_10_41(1.0),30/10/25 23:00:00,Annual,Total,Total,Ratio,Switzerland,2007,4.71,,
ESTAT:SDG_10_41(1.0),30/10/25 23:00:00,Annual,Total,Total,Ratio,Switzerland,2008,4.86,,
ESTAT:SDG_10_41(1.0),30/10/25 23:00:00,Annual,Total,Total,Ratio,Switzerland,2009,4.76,,
ESTAT:SDG_10_41(1.0),30/10/25 23:00:00,Annual,Total,Total,Ratio,Switzerland,2010,4.48,,
ESTAT:SDG_10_41(1.0),30/10/25 23:00:00,Annual,Total,Total,Ratio,Switzerland,2011,4.52,,
ESTAT:SDG_10_41(1.0),30/10/25 23:00:00,Annual,Total,Total,Ratio,Switzerland,2012,4.40,,
ESTAT:SDG_10_41(1.0),30/10/25 23:00:00,Annual,Total,Total,Ratio,Switzerland,2013,4.22,,
ESTAT:SDG_10_41(1.0),30/10/25 23:00:00,Annual,Total,Total,Ratio,Switzerland,2014,4.42,b,
ESTAT:SDG_10_41(1.0),30/10/25 23:00:00,Annual,Total,Total,Ratio,Switzerland,2015,4.48,,
ESTAT:SDG_10_41(1.0),30/10/25 23:00:00,Annual,Total,Total,Ratio,Switzerland,2016,4.42,,
ESTAT:SDG_10_41(1.0),30/10/25 23:00:00,Annual,Total,Total,Ratio,Switzerland,2017,4.63,,
ESTAT:SDG_10_41(1.0),30/10/25 23:00:00,Annual,Total,Total,Ratio,Switzerland,2018,4.50,,
ESTAT:SDG_10_41(1.0),30/10/25 23:00:00,Annual,Total,Total,Ratio,Switzerland,2019,4.75,,
ESTAT:SDG_10_41(1.0),30/10/25 23:00:00,Annual,Total,Total,Ratio,Switzerland,2020,4.89,,
ESTAT:SDG_10_41(1.0),30/10/25 23:00:00,Annual,Total,Total,Ratio,Switzerland,2021,4.86,,
ESTAT:SDG_10_41(1.0),30/10/25 23:00:00,Annual,Total,Total,Ratio,Switzerland,2022,4.77,,
ESTAT:SDG_10_41(1.0),30/10/25 23:00:00,Annual,Total,Total,Ratio,Switzerland,2023,4.94,,
ESTAT:SDG_10_41(1.0),30/10/25 23:00:00,Annual,Total,Total,Ratio,Switzerland,2024,4.81,,
ESTAT:SDG_10_41(1.0),30/10/25 23:00:00,Annual,Total,Total,Ratio,Cyprus,2005,4.34,,
ESTAT:SDG_10_41(1.0),30/10/25 23:00:00,Annual,Total,Total,Ratio,Cyprus,2006,4.27,,
ESTAT:SDG_10_41(1.0),30/10/25 23:00:00,Annual,Total,Total,Ratio,Cyprus,2007,4.44,,
ESTAT:SDG_10_41(1.0),30/10/25 23:00:00,Annual,Total,Total,Ratio,Cyprus,2008,4.30,b,
ESTAT:SDG_10_41(1.0),30/10/25 23:00:00,Annual,Total,Total,Ratio,Cyprus,2009,4.37,,
ESTAT:SDG_10_41(1.0),30/10/25 23:00:00,Annual,Total,Total,Ratio,Cyprus,2010,4.54,,
ESTAT:SDG_10_41(1.0),30/10/25 23:00:00,Annual,Total,Total,Ratio,Cyprus,2011,4.34,,
ESTAT:SDG_10_41(1.0),30/10/25 23:00:00,Annual,Total,Total,Ratio,Cyprus,2012,4.67,,
ESTAT:SDG_10_41(1.0),30/10/25 23:00:00,Annual,Total,Total,Ratio,Cyprus,2013,4.91,,
ESTAT:SDG_10_41(1.0),30/10/25 23:00:00,Annual,Total,Total,Ratio,Cyprus,2014,5.37,,
ESTAT:SDG_10_41(1.0),30/10/25 23:00:00,Annual,Total,Total,Ratio,Cyprus,2015,5.20,,
ESTAT:SDG_10_41(1.0),30/10/25 23:00:00,Annual,Total,Total,Ratio,Cyprus,2016,4.88,,
ESTAT:SDG_10_41(1.0),30/10/25 23:00:00,Annual,Total,Total,Ratio,Cyprus,2017,4.56,,
ESTAT:SDG_10_41(1.0),30/10/25 23:00:00,Annual,Total,Total,Ratio,Cyprus,2018,4.29,,
ESTAT:SDG_10_41(1.0),30/10/25 23:00:00,Annual,Total,Total,Ratio,Cyprus,2019,4.69,,
ESTAT:SDG_10_41(1.0),30/10/25 23:00:00,Annual,Total,Total,Ratio,Cyprus,2020,4.28,,
ESTAT:SDG_10_41(1.0),30/10/25 23:00:00,Annual,Total,Total,Ratio,Cyprus,2021,4.23,,
ESTAT:SDG_10_41(1.0),30/10/25 23:00:00,Annual,Total,Total,Ratio,Cyprus,2022,4.22,,
ESTAT:SDG_10_41(1.0),30/10/25 23:00:00,Annual,Total,Total,Ratio,Cyprus,2023,4.23,,
ESTAT:SDG_10_41(1.0),30/10/25 23:00:00,Annual,Total,Total,Ratio,Cyprus,2024,4.40,,
ESTAT:SDG_10_41(1.0),30/10/25 23:00:00,Annual,Total,Total,Ratio,Czechia,2005,3.67,b,
ESTAT:SDG_10_41(1.0),30/10/25 23:00:00,Annual,Total,Total,Ratio,Czechia,2006,3.53,,
ESTAT:SDG_10_41(1.0),30/10/25 23:00:00,Annual,Total,Total,Ratio,Czechia,2007,3.52,,
ESTAT:SDG_10_41(1.0),30/10/25 23:00:00,Annual,Total,Total,Ratio,Czechia,2008,3.43,,
ESTAT:SDG_10_41(1.0),30/10/25 23:00:00,Annual,Total,Total,Ratio,Czechia,2009,3.47,,
ESTAT:SDG_10_41(1.0),30/10/25 23:00:00,Annual,Total,Total,Ratio,Czechia,2010,3.47,,
ESTAT:SDG_10_41(1.0),30/10/25 23:00:00,Annual,Total,Total,Ratio,Czechia,2011,3.54,,
ESTAT:SDG_10_41(1.0),30/10/25 23:00:00,Annual,Total,Total,Ratio,Czechia,2012,3.49,,
ESTAT:SDG_10_41(1.0),30/10/25 23:00:00,Annual,Total,Total,Ratio,Czechia,2013,3.40,,
ESTAT:SDG_10_41(1.0),30/10/25 23:00:00,Annual,Total,Total,Ratio,Czechia,2014,3.50,,
ESTAT:SDG_10_41(1.0),30/10/25 23:00:00,Annual,Total,Total,Ratio,Czechia,2015,3.51,,
ESTAT:SDG_10_41(1.0),30/10/25 23:00:00,Annual,Total,Total,Ratio,Czechia,2016,3.50,,
ESTAT:SDG_10_41(1.0),30/10/25 23:00:00,Annual,Total,Total,Ratio,Czechia,2017,3.40,,
ESTAT:SDG_10_41(1.0),30/10/25 23:00:00,Annual,Total,Total,Ratio,Czechia,2018,3.32,,
ESTAT:SDG_10_41(1.0),30/10/25 23:00:00,Annual,Total,Total,Ratio,Czechia,2019,3.34,,
ESTAT:SDG_10_41(1.0),30/10/25 23:00:00,Annual,Total,Total,Ratio,Czechia,2020,3.34,,
ESTAT:SDG_10_41(1.0),30/10/25 23:00:00,Annual,Total,Total,Ratio,Czechia,2021,3.43,,
ESTAT:SDG_10_41(1.0),30/10/25 23:00:00,Annual,Total,Total,Ratio,Czechia,2022,3.48,,
ESTAT:SDG_10_41(1.0),30/10/25 23:00:00,Annual,Total,Total,Ratio,Czechia,2023,3.42,,
ESTAT:SDG_10_41(1.0),30/10/25 23:00:00,Annual,Total,Total,Ratio,Czechia,2024,3.32,,
ESTAT:SDG_10_41(1.0),30/10/25 23:00:00,Annual,Total,Total,Ratio,Germany,2005,3.79,b,
ESTAT:SDG_10_41(1.0),30/10/25 23:00:00,Annual,Total,Total,Ratio,Germany,2006,4.06,,
ESTAT:SDG_10_41(1.0),30/10/25 23:00:00,Annual,Total,Total,Ratio,Germany,2007,4.93,,
ESTAT:SDG_10_41(1.0),30/10/25 23:00:00,Annual,Total,Total,Ratio,Germany,2008,4.76,,
ESTAT:SDG_10_41(1.0),30/10/25 23:00:00,Annual,Total,Total,Ratio,Germany,2009,4.48,,
ESTAT:SDG_10_41(1.0),30/10/25 23:00:00,Annual,Total,Total,Ratio,Germany,2010,4.49,,
ESTAT:SDG_10_41(1.0),30/10/25 23:00:00,Annual,Total,Total,Ratio,Germany,2011,4.46,,
ESTAT:SDG_10_41(1.0),30/10/25 23:00:00,Annual,Total,Total,Ratio,Germany,2012,4.30,,
ESTAT:SDG_10_41(1.0),30/10/25 23:00:00,Annual,Total,Total,Ratio,Germany,2013,4.60,,
ESTAT:SDG_10_41(1.0),30/10/25 23:00:00,Annual,Total,Total,Ratio,Germany,2014,5.12,,
ESTAT:SDG_10_41(1.0),30/10/25 23:00:00,Annual,Total,Total,Ratio,Germany,2015,4.80,,
ESTAT:SDG_10_41(1.0),30/10/25 23:00:00,Annual,Total,Total,Ratio,Germany,2016,4.62,,
ESTAT:SDG_10_41(1.0),30/10/25 23:00:00,Annual,Total,Total,Ratio,Germany,2017,4.49,,
ESTAT:SDG_10_41(1.0),30/10/25 23:00:00,Annual,Total,Total,Ratio,Germany,2018,5.07,,
ESTAT:SDG_10_41(1.0),30/10/25 23:00:00,Annual,Total,Total,Ratio,Germany,2019,4.89,,
ESTAT:SDG_10_41(1.0),30/10/25 23:00:00,Annual,Total,Total,Ratio,Germany,2020,4.87,b,
ESTAT:SDG_10_41(1.0),30/10/25 23:00:00,Annual,Total,Total,Ratio,Germany,2021,4.98,,
ESTAT:SDG_10_41(1.0),30/10/25 23:00:00,Annual,Total,Total,Ratio,Germany,2022,4.38,,
ESTAT:SDG_10_41(1.0),30/10/25 23:00:00,Annual,Total,Total,Ratio,Germany,2023,4.44,,
ESTAT:SDG_10_41(1.0),30/10/25 23:00:00,Annual,Total,Total,Ratio,Germany,2024,4.49,,
ESTAT:SDG_10_41(1.0),30/10/25 23:00:00,Annual,Total,Total,Ratio,Denmark,2003,3.58,b,
ESTAT:SDG_10_41(1.0),30/10/25 23:00:00,Annual,Total,Total,Ratio,Denmark,2004,3.42,,
ESTAT:SDG_10_41(1.0),30/10/25 23:00:00,Annual,Total,Total,Ratio,Denmark,2005,3.50,,
ESTAT:SDG_10_41(1.0),30/10/25 23:00:00,Annual,Total,Total,Ratio,Denmark,2006,3.44,,
ESTAT:SDG_10_41(1.0),30/10/25 23:00:00,Annual,Total,Total,Ratio,Denmark,2007,3.73,,
ESTAT:SDG_10_41(1.0),30/10/25 23:00:00,Annual,Total,Total,Ratio,Denmark,2008,3.63,,
ESTAT:SDG_10_41(1.0),30/10/25 23:00:00,Annual,Total,Total,Ratio,Denmark,2009,4.61,,
ESTAT:SDG_10_41(1.0),30/10/25 23:00:00,Annual,Total,Total,Ratio,Denmark,2010,4.41,b,
ESTAT:SDG_10_41(1.0),30/10/25 23:00:00,Annual,Total,Total,Ratio,Denmark,2011,3.98,b,
ESTAT:SDG_10_41(1.0),30/10/25 23:00:00,Annual,Total,Total,Ratio,Denmark,2012,3.94,,
ESTAT:SDG_10_41(1.0),30/10/25 23:00:00,Annual,Total,Total,Ratio,Denmark,2013,4.01,,
ESTAT:SDG_10_41(1.0),30/10/25 23:00:00,Annual,Total,Total,Ratio,Denmark,2014,4.12,,
ESTAT:SDG_10_41(1.0),30/10/25 23:00:00,Annual,Total,Total,Ratio,Denmark,2015,4.08,,
ESTAT:SDG_10_41(1.0),30/10/25 23:00:00,Annual,Total,Total,Ratio,Denmark,2016,4.06,,
ESTAT:SDG_10_41(1.0),30/10/25 23:00:00,Annual,Total,Total,Ratio,Denmark,2017,4.08,,
ESTAT:SDG_10_41(1.0),30/10/25 23:00:00,Annual,Total,Total,Ratio,Denmark,2018,4.11,,
ESTAT:SDG_10_41(1.0),30/10/25 23:00:00,Annual,Total,Total,Ratio,Denmark,2019,4.09,,
ESTAT:SDG_10_41(1.0),30/10/25 23:00:00,Annual,Total,Total,Ratio,Denmark,2020,4.00,b,
ESTAT:SDG_10_41(1.0),30/10/25 23:00:00,Annual,Total,Total,Ratio,Denmark,2021,3.93,,
ESTAT:SDG_10_41(1.0),30/10/25 23:00:00,Annual,Total,Total,Ratio,Denmark,2022,4.03,,
ESTAT:SDG_10_41(1.0),30/10/25 23:00:00,Annual,Total,Total,Ratio,Denmark,2023,4.15,,
ESTAT:SDG_10_41(1.0),30/10/25 23:00:00,Annual,Total,Total,Ratio,Denmark,2024,4.16,,
ESTAT:SDG_10_41(1.0),30/10/25 23:00:00,Annual,Total,Total,Ratio,Estonia,2004,7.20,b,
ESTAT:SDG_10_41(1.0),30/10/25 23:00:00,Annual,Total,Total,Ratio,Estonia,2005,5.93,,
ESTAT:SDG_10_41(1.0),30/10/25 23:00:00,Annual,Total,Total,Ratio,Estonia,2006,5.51,,
ESTAT:SDG_10_41(1.0),30/10/25 23:00:00,Annual,Total,Total,Ratio,Estonia,2007,5.54,,
ESTAT:SDG_10_41(1.0),30/10/25 23:00:00,Annual,Total,Total,Ratio,Estonia,2008,4.99,,
ESTAT:SDG_10_41(1.0),30/10/25 23:00:00,Annual,Total,Total,Ratio,Estonia,2009,5.01,,
ESTAT:SDG_10_41(1.0),30/10/25 23:00:00,Annual,Total,Total,Ratio,Estonia,2010,5.01,,
ESTAT:SDG_10_41(1.0),30/10/25 23:00:00,Annual,Total,Total,Ratio,Estonia,2011,5.35,,
ESTAT:SDG_10_41(1.0),30/10/25 23:00:00,Annual,Total,Total,Ratio,Estonia,2012,5.41,,
ESTAT:SDG_10_41(1.0),30/10/25 23:00:00,Annual,Total,Total,Ratio,Estonia,2013,5.54,,
ESTAT:SDG_10_41(1.0),30/10/25 23:00:00,Annual,Total,Total,Ratio,Estonia,2014,6.48,b,
ESTAT:SDG_10_41(1.0),30/10/25 23:00:00,Annual,Total,Total,Ratio,Estonia,2015,6.21,,
ESTAT:SDG_10_41(1.0),30/10/25 23:00:00,Annual,Total,Total,Ratio,Estonia,2016,5.56,,
ESTAT:SDG_10_41(1.0),30/10/25 23:00:00,Annual,Total,Total,Ratio,Estonia,2017,5.42,,
ESTAT:SDG_10_41(1.0),30/10/25 23:00:00,Annual,Total,Total,Ratio,Estonia,2018,5.07,,
ESTAT:SDG_10_41(1.0),30/10/25 23:00:00,Annual,Total,Total,Ratio,Estonia,2019,5.08,,
ESTAT:SDG_10_41(1.0),30/10/25 23:00:00,Annual,Total,Total,Ratio,Estonia,2020,5.03,,
ESTAT:SDG_10_41(1.0),30/10/25 23:00:00,Annual,Total,Total,Ratio,Estonia,2021,5.03,,
ESTAT:SDG_10_41(1.0),30/10/25 23:00:00,Annual,Total,Total,Ratio,Estonia,2022,5.39,,
ESTAT:SDG_10_41(1.0),30/10/25 23:00:00,Annual,Total,Total,Ratio,Estonia,2023,5.37,,
ESTAT:SDG_10_41(1.0),30/10/25 23:00:00,Annual,Total,Total,Ratio,Estonia,2024,5.03,,
ESTAT:SDG_10_41(1.0),30/10/25 23:00:00,Annual,Total,Total,Ratio,Greece,2003,6.38,b,
ESTAT:SDG_10_41(1.0),30/10/25 23:00:00,Annual,Total,Total,Ratio,Greece,2004,5.92,,
ESTAT:SDG_10_41(1.0),30/10/25 23:00:00,Annual,Total,Total,Ratio,Greece,2005,5.79,,
ESTAT:SDG_10_41(1.0),30/10/25 23:00:00,Annual,Total,Total,Ratio,Greece,2006,6.05,,
ESTAT:SDG_10_41(1.0),30/10/25 23:00:00,Annual,Total,Total,Ratio,Greece,2007,6.01,,
ESTAT:SDG_10_41(1.0),30/10/25 23:00:00,Annual,Total,Total,Ratio,Greece,2008,5.89,,
ESTAT:SDG_10_41(1.0),30/10/25 23:00:00,Annual,Total,Total,Ratio,Greece,2009,5.76,,
ESTAT:SDG_10_41(1.0),30/10/25 23:00:00,Annual,Total,Total,Ratio,Greece,2010,5.61,,
ESTAT:SDG_10_41(1.0),30/10/25 23:00:00,Annual,Total,Total,Ratio,Greece,2011,5.96,,
ESTAT:SDG_10_41(1.0),30/10/25 23:00:00,Annual,Total,Total,Ratio,Greece,2012,6.63,,
ESTAT:SDG_10_41(1.0),30/10/25 23:00:00,Annual,Total,Total,Ratio,Greece,2013,6.60,,
ESTAT:SDG_10_41(1.0),30/10/25 23:00:00,Annual,Total,Total,Ratio,Greece,2014,6.46,,
ESTAT:SDG_10_41(1.0),30/10/25 23:00:00,Annual,Total,Total,Ratio,Greece,2015,6.51,,
ESTAT:SDG_10_41(1.0),30/10/25 23:00:00,Annual,Total,Total,Ratio,Greece,2016,6.55,,
ESTAT:SDG_10_41(1.0),30/10/25 23:00:00,Annual,Total,Total,Ratio,Greece,2017,6.11,,
ESTAT:SDG_10_41(1.0),30/10/25 23:00:00,Annual,Total,Total,Ratio,Greece,2018,5.51,,
ESTAT:SDG_10_41(1.0),30/10/25 23:00:00,Annual,Total,Total,Ratio,Greece,2019,5.11,,
ESTAT:SDG_10_41(1.0),30/10/25 23:00:00,Annual,Total,Total,Ratio,Greece,2020,5.23,,
ESTAT:SDG_10_41(1.0),30/10/25 23:00:00,Annual,Total,Total,Ratio,Greece,2021,5.79,,
ESTAT:SDG_10_41(1.0),30/10/25 23:00:00,Annual,Total,Total,Ratio,Greece,2022,5.20,,
ESTAT:SDG_10_41(1.0),30/10/25 23:00:00,Annual,Total,Total,Ratio,Greece,2023,5.28,,
ESTAT:SDG_10_41(1.0),30/10/25 23:00:00,Annual,Total,Total,Ratio,Greece,2024,5.27,,
ESTAT:SDG_10_41(1.0),30/10/25 23:00:00,Annual,Total,Total,Ratio,Spain,2004,5.23,b,
ESTAT:SDG_10_41(1.0),30/10/25 23:00:00,Annual,Total,Total,Ratio,Spain,2005,5.55,,
ESTAT:SDG_10_41(1.0),30/10/25 23:00:00,Annual,Total,Total,Ratio,Spain,2006,5.52,,
ESTAT:SDG_10_41(1.0),30/10/25 23:00:00,Annual,Total,Total,Ratio,Spain,2007,5.48,,
ESTAT:SDG_10_41(1.0),30/10/25 23:00:00,Annual,Total,Total,Ratio,Spain,2008,5.59,b,
ESTAT:SDG_10_41(1.0),30/10/25 23:00:00,Annual,Total,Total,Ratio,Spain,2009,5.87,,
ESTAT:SDG_10_41(1.0),30/10/25 23:00:00,Annual,Total,Total,Ratio,Spain,2010,6.16,,
ESTAT:SDG_10_41(1.0),30/10/25 23:00:00,Annual,Total,Total,Ratio,Spain,2011,6.28,,
ESTAT:SDG_10_41(1.0),30/10/25 23:00:00,Annual,Total,Total,Ratio,Spain,2012,6.47,,
ESTAT:SDG_10_41(1.0),30/10/25 23:00:00,Annual,Total,Total,Ratio,Spain,2013,6.29,,
ESTAT:SDG_10_41(1.0),30/10/25 23:00:00,Annual,Total,Total,Ratio,Spain,2014,6.81,,
ESTAT:SDG_10_41(1.0),30/10/25 23:00:00,Annual,Total,Total,Ratio,Spain,2015,6.87,,
ESTAT:SDG_10_41(1.0),30/10/25 23:00:00,Annual,Total,Total,Ratio,Spain,2016,6.60,,
ESTAT:SDG_10_41(1.0),30/10/25 23:00:00,Annual,Total,Total,Ratio,Spain,2017,6.59,,
ESTAT:SDG_10_41(1.0),30/10/25 23:00:00,Annual,Total,Total,Ratio,Spain,2018,6.03,,
ESTAT:SDG_10_41(1.0),30/10/25 23:00:00,Annual,Total,Total,Ratio,Spain,2019,5.94,,
ESTAT:SDG_10_41(1.0),30/10/25 23:00:00,Annual,Total,Total,Ratio,Spain,2020,5.77,,
ESTAT:SDG_10_41(1.0),30/10/25 23:00:00,Annual,Total,Total,Ratio,Spain,2021,6.19,,
ESTAT:SDG_10_41(1.0),30/10/25 23:00:00,Annual,Total,Total,Ratio,Spain,2022,5.63,,
ESTAT:SDG_10_41(1.0),30/10/25 23:00:00,Annual,Total,Total,Ratio,Spain,2023,5.50,,
ESTAT:SDG_10_41(1.0),30/10/25 23:00:00,Annual,Total,Total,Ratio,Spain,2024,5.39,,
ESTAT:SDG_10_41(1.0),30/10/25 23:00:00,Annual,Total,Total,Ratio,European Union - 27 countries (from 2020),2010,4.89,,
ESTAT:SDG_10_41(1.0),30/10/25 23:00:00,Annual,Total,Total,Ratio,European Union - 27 countries (from 2020),2011,4.99,,
ESTAT:SDG_10_41(1.0),30/10/25 23:00:00,Annual,Total,Total,Ratio,European Union - 27 countries (from 2020),2012,4.98,,
ESTAT:SDG_10_41(1.0),30/10/25 23:00:00,Annual,Total,Total,Ratio,European Union - 27 countries (from 2020),2013,5.05,,
ESTAT:SDG_10_41(1.0),30/10/25 23:00:00,Annual,Total,Total,Ratio,European Union - 27 countries (from 2020),2014,5.22,e,
ESTAT:SDG_10_41(1.0),30/10/25 23:00:00,Annual,Total,Total,Ratio,European Union - 27 countries (from 2020),2015,5.22,e,
ESTAT:SDG_10_41(1.0),30/10/25 23:00:00,Annual,Total,Total,Ratio,European Union - 27 countries (from 2020),2016,5.16,e,
ESTAT:SDG_10_41(1.0),30/10/25 23:00:00,Annual,Total,Total,Ratio,European Union - 27 countries (from 2020),2017,5.03,e,
ESTAT:SDG_10_41(1.0),30/10/25 23:00:00,Annual,Total,Total,Ratio,European Union - 27 countries (from 2020),2018,5.05,e,
ESTAT:SDG_10_41(1.0),30/10/25 23:00:00,Annual,Total,Total,Ratio,European Union - 27 countries (from 2020),2019,4.99,,
ESTAT:SDG_10_41(1.0),30/10/25 23:00:00,Annual,Total,Total,Ratio,European Union - 27 countries (from 2020),2020,4.89,,
ESTAT:SDG_10_41(1.0),30/10/25 23:00:00,Annual,Total,Total,Ratio,European Union - 27 countries (from 2020),2021,4.98,,
ESTAT:SDG_10_41(1.0),30/10/25 23:00:00,Annual,Total,Total,Ratio,European Union - 27 countries (from 2020),2022,4.74,,
ESTAT:SDG_10_41(1.0),30/10/25 23:00:00,Annual,Total,Total,Ratio,European Union - 27 countries (from 2020),2023,4.72,,
ESTAT:SDG_10_41(1.0),30/10/25 23:00:00,Annual,Total,Total,Ratio,European Union - 27 countries (from 2020),2024,4.66,,
ESTAT:SDG_10_41(1.0),30/10/25 23:00:00,Annual,Total,Total,Ratio,Finland,2004,3.54,b,
ESTAT:SDG_10_41(1.0),30/10/25 23:00:00,Annual,Total,Total,Ratio,Finland,2005,3.64,,
ESTAT:SDG_10_41(1.0),30/10/25 23:00:00,Annual,Total,Total,Ratio,Finland,2006,3.64,,
ESTAT:SDG_10_41(1.0),30/10/25 23:00:00,Annual,Total,Total,Ratio,Finland,2007,3.71,,
ESTAT:SDG_10_41(1.0),30/10/25 23:00:00,Annual,Total,Total,Ratio,Finland,2008,3.76,,
ESTAT:SDG_10_41(1.0),30/10/25 23:00:00,Annual,Total,Total,Ratio,Finland,2009,3.71,,
ESTAT:SDG_10_41(1.0),30/10/25 23:00:00,Annual,Total,Total,Ratio,Finland,2010,3.61,,
ESTAT:SDG_10_41(1.0),30/10/25 23:00:00,Annual,Total,Total,Ratio,Finland,2011,3.69,,
ESTAT:SDG_10_41(1.0),30/10/25 23:00:00,Annual,Total,Total,Ratio,Finland,2012,3.69,,
ESTAT:SDG_10_41(1.0),30/10/25 23:00:00,Annual,Total,Total,Ratio,Finland,2013,3.59,,
ESTAT:SDG_10_41(1.0),30/10/25 23:00:00,Annual,Total,Total,Ratio,Finland,2014,3.62,,
ESTAT:SDG_10_41(1.0),30/10/25 23:00:00,Annual,Total,Total,Ratio,Finland,2015,3.56,,
ESTAT:SDG_10_41(1.0),30/10/25 23:00:00,Annual,Total,Total,Ratio,Finland,2016,3.58,,
ESTAT:SDG_10_41(1.0),30/10/25 23:00:00,Annual,Total,Total,Ratio,Finland,2017,3.54,,
ESTAT:SDG_10_41(1.0),30/10/25 23:00:00,Annual,Total,Total,Ratio,Finland,2018,3.65,,
ESTAT:SDG_10_41(1.0),30/10/25 23:00:00,Annual,Total,Total,Ratio,Finland,2019,3.69,,
ESTAT:SDG_10_41(1.0),30/10/25 23:00:00,Annual,Total,Total,Ratio,Finland,2020,3.72,,
ESTAT:SDG_10_41(1.0),30/10/25 23:00:00,Annual,Total,Total,Ratio,Finland,2021,3.58,,
ESTAT:SDG_10_41(1.0),30/10/25 23:00:00,Annual,Total,Total,Ratio,Finland,2022,3.75,,
ESTAT:SDG_10_41(1.0),30/10/25 23:00:00,Annual,Total,Total,Ratio,Finland,2023,3.78,,
ESTAT:SDG_10_41(1.0),30/10/25 23:00:00,Annual,Total,Total,Ratio,Finland,2024,3.73,,
ESTAT:SDG_10_41(1.0),30/10/25 23:00:00,Annual,Total,Total,Ratio,France,2004,4.16,b,
ESTAT:SDG_10_41(1.0),30/10/25 23:00:00,Annual,Total,Total,Ratio,France,2005,4.02,,
ESTAT:SDG_10_41(1.0),30/10/25 23:00:00,Annual,Total,Total,Ratio,France,2006,3.98,,
ESTAT:SDG_10_41(1.0),30/10/25 23:00:00,Annual,Total,Total,Ratio,France,2007,3.88,,
ESTAT:SDG_10_41(1.0),30/10/25 23:00:00,Annual,Total,Total,Ratio,France,2008,4.40,b,
ESTAT:SDG_10_41(1.0),30/10/25 23:00:00,Annual,Total,Total,Ratio,France,2009,4.42,,
ESTAT:SDG_10_41(1.0),30/10/25 23:00:00,Annual,Total,Total,Ratio,France,2010,4.43,,
ESTAT:SDG_10_41(1.0),30/10/25 23:00:00,Annual,Total,Total,Ratio,France,2011,4.61,,
ESTAT:SDG_10_41(1.0),30/10/25 23:00:00,Annual,Total,Total,Ratio,France,2012,4.54,,
ESTAT:SDG_10_41(1.0),30/10/25 23:00:00,Annual,Total,Total,Ratio,France,2013,4.48,,
ESTAT:SDG_10_41(1.0),30/10/25 23:00:00,Annual,Total,Total,Ratio,France,2014,4.27,,
ESTAT:SDG_10_41(1.0),30/10/25 23:00:00,Annual,Total,Total,Ratio,France,2015,4.29,,
ESTAT:SDG_10_41(1.0),30/10/25 23:00:00,Annual,Total,Total,Ratio,France,2016,4.32,,
ESTAT:SDG_10_41(1.0),30/10/25 23:00:00,Annual,Total,Total,Ratio,France,2017,4.31,,
ESTAT:SDG_10_41(1.0),30/10/25 23:00:00,Annual,Total,Total,Ratio,France,2018,4.23,,
ESTAT:SDG_10_41(1.0),30/10/25 23:00:00,Annual,Total,Total,Ratio,France,2019,4.27,,
ESTAT:SDG_10_41(1.0),30/10/25 23:00:00,Annual,Total,Total,Ratio,France,2020,4.42,b,
ESTAT:SDG_10_41(1.0),30/10/25 23:00:00,Annual,Total,Total,Ratio,France,2021,4.41,,
ESTAT:SDG_10_41(1.0),30/10/25 23:00:00,Annual,Total,Total,Ratio,France,2022,4.60,b,
ESTAT:SDG_10_41(1.0),30/10/25 23:00:00,Annual,Total,Total,Ratio,France,2023,4.63,,
ESTAT:SDG_10_41(1.0),30/10/25 23:00:00,Annual,Total,Total,Ratio,France,2024,4.66,,
ESTAT:SDG_10_41(1.0),30/10/25 23:00:00,Annual,Total,Total,Ratio,Croatia,2010,5.54,,
ESTAT:SDG_10_41(1.0),30/10/25 23:00:00,Annual,Total,Total,Ratio,Croatia,2011,5.58,,
ESTAT:SDG_10_41(1.0),30/10/25 23:00:00,Annual,Total,Total,Ratio,Croatia,2012,5.36,,
ESTAT:SDG_10_41(1.0),30/10/25 23:00:00,Annual,Total,Total,Ratio,Croatia,2013,5.34,,
ESTAT:SDG_10_41(1.0),30/10/25 23:00:00,Annual,Total,Total,Ratio,Croatia,2014,4.91,,
ESTAT:SDG_10_41(1.0),30/10/25 23:00:00,Annual,Total,Total,Ratio,Croatia,2015,5.14,,
ESTAT:SDG_10_41(1.0),30/10/25 23:00:00,Annual,Total,Total,Ratio,Croatia,2016,4.90,,
ESTAT:SDG_10_41(1.0),30/10/25 23:00:00,Annual,Total,Total,Ratio,Croatia,2017,4.97,,
ESTAT:SDG_10_41(1.0),30/10/25 23:00:00,Annual,Total,Total,Ratio,Croatia,2018,5.00,,
ESTAT:SDG_10_41(1.0),30/10/25 23:00:00,Annual,Total,Total,Ratio,Croatia,2019,4.74,,
ESTAT:SDG_10_41(1.0),30/10/25 23:00:00,Annual,Total,Total,Ratio,Croatia,2020,4.59,,
ESTAT:SDG_10_41(1.0),30/10/25 23:00:00,Annual,Total,Total,Ratio,Croatia,2021,4.77,,
ESTAT:SDG_10_41(1.0),30/10/25 23:00:00,Annual,Total,Total,Ratio,Croatia,2022,4.57,,
ESTAT:SDG_10_41(1.0),30/10/25 23:00:00,Annual,Total,Total,Ratio,Croatia,2023,4.91,b,
ESTAT:SDG_10_41(1.0),30/10/25 23:00:00,Annual,Total,Total,Ratio,Croatia,2024,4.97,b,
ESTAT:SDG_10_41(1.0),30/10/25 23:00:00,Annual,Total,Total,Ratio,Hungary,2005,4.04,b,
ESTAT:SDG_10_41(1.0),30/10/25 23:00:00,Annual,Total,Total,Ratio,Hungary,2006,5.48,,
ESTAT:SDG_10_41(1.0),30/10/25 23:00:00,Annual,Total,Total,Ratio,Hungary,2007,3.67,,
ESTAT:SDG_10_41(1.0),30/10/25 23:00:00,Annual,Total,Total,Ratio,Hungary,2008,3.60,,
ESTAT:SDG_10_41(1.0),30/10/25 23:00:00,Annual,Total,Total,Ratio,Hungary,2009,3.51,,
ESTAT:SDG_10_41(1.0),30/10/25 23:00:00,Annual,Total,Total,Ratio,Hungary,2010,3.41,,
ESTAT:SDG_10_41(1.0),30/10/25 23:00:00,Annual,Total,Total,Ratio,Hungary,2011,3.94,,
ESTAT:SDG_10_41(1.0),30/10/25 23:00:00,Annual,Total,Total,Ratio,Hungary,2012,4.00,,
ESTAT:SDG_10_41(1.0),30/10/25 23:00:00,Annual,Total,Total,Ratio,Hungary,2013,4.29,,
ESTAT:SDG_10_41(1.0),30/10/25 23:00:00,Annual,Total,Total,Ratio,Hungary,2014,4.33,,
ESTAT:SDG_10_41(1.0),30/10/25 23:00:00,Annual,Total,Total,Ratio,Hungary,2015,4.30,,
ESTAT:SDG_10_41(1.0),30/10/25 23:00:00,Annual,Total,Total,Ratio,Hungary,2016,4.26,,
ESTAT:SDG_10_41(1.0),30/10/25 23:00:00,Annual,Total,Total,Ratio,Hungary,2017,4.27,,
ESTAT:SDG_10_41(1.0),30/10/25 23:00:00,Annual,Total,Total,Ratio,Hungary,2018,4.35,,
ESTAT:SDG_10_41(1.0),30/10/25 23:00:00,Annual,Total,Total,Ratio,Hungary,2019,4.23,b,
ESTAT:SDG_10_41(1.0),30/10/25 23:00:00,Annual,Total,Total,Ratio,Hungary,2020,4.24,,
ESTAT:SDG_10_41(1.0),30/10/25 23:00:00,Annual,Total,Total,Ratio,Hungary,2021,4.16,,
ESTAT:SDG_10_41(1.0),30/10/25 23:00:00,Annual,Total,Total,Ratio,Hungary,2022,4.16,,
ESTAT:SDG_10_41(1.0),30/10/25 23:00:00,Annual,Total,Total,Ratio,Hungary,2023,4.43,,
ESTAT:SDG_10_41(1.0),30/10/25 23:00:00,Annual,Total,Total,Ratio,Hungary,2024,4.39,,
ESTAT:SDG_10_41(1.0),30/10/25 23:00:00,Annual,Total,Total,Ratio,Ireland,2003,4.95,b,
ESTAT:SDG_10_41(1.0),30/10/25 23:00:00,Annual,Total,Total,Ratio,Ireland,2004,4.94,,
ESTAT:SDG_10_41(1.0),30/10/25 23:00:00,Annual,Total,Total,Ratio,Ireland,2005,5.01,,
ESTAT:SDG_10_41(1.0),30/10/25 23:00:00,Annual,Total,Total,Ratio,Ireland,2006,4.86,,
ESTAT:SDG_10_41(1.0),30/10/25 23:00:00,Annual,Total,Total,Ratio,Ireland,2007,4.82,,
ESTAT:SDG_10_41(1.0),30/10/25 23:00:00,Annual,Total,Total,Ratio,Ireland,2008,4.43,,
ESTAT:SDG_10_41(1.0),30/10/25 23:00:00,Annual,Total,Total,Ratio,Ireland,2009,4.24,,
ESTAT:SDG_10_41(1.0),30/10/25 23:00:00,Annual,Total,Total,Ratio,Ireland,2010,4.70,,
ESTAT:SDG_10_41(1.0),30/10/25 23:00:00,Annual,Total,Total,Ratio,Ireland,2011,4.63,,
ESTAT:SDG_10_41(1.0),30/10/25 23:00:00,Annual,Total,Total,Ratio,Ireland,2012,4.82,,
ESTAT:SDG_10_41(1.0),30/10/25 23:00:00,Annual,Total,Total,Ratio,Ireland,2013,4.73,,
ESTAT:SDG_10_41(1.0),30/10/25 23:00:00,Annual,Total,Total,Ratio,Ireland,2014,4.90,,
ESTAT:SDG_10_41(1.0),30/10/25 23:00:00,Annual,Total,Total,Ratio,Ireland,2015,4.50,,
ESTAT:SDG_10_41(1.0),30/10/25 23:00:00,Annual,Total,Total,Ratio,Ireland,2016,4.45,,
ESTAT:SDG_10_41(1.0),30/10/25 23:00:00,Annual,Total,Total,Ratio,Ireland,2017,4.63,,
ESTAT:SDG_10_41(1.0),30/10/25 23:00:00,Annual,Total,Total,Ratio,Ireland,2018,4.23,,
ESTAT:SDG_10_41(1.0),30/10/25 23:00:00,Annual,Total,Total,Ratio,Ireland,2019,4.02,b,
ESTAT:SDG_10_41(1.0),30/10/25 23:00:00,Annual,Total,Total,Ratio,Ireland,2020,3.92,b,
ESTAT:SDG_10_41(1.0),30/10/25 23:00:00,Annual,Total,Total,Ratio,Ireland,2021,3.75,,
ESTAT:SDG_10_41(1.0),30/10/25 23:00:00,Annual,Total,Total,Ratio,Ireland,2022,3.81,,
ESTAT:SDG_10_41(1.0),30/10/25 23:00:00,Annual,Total,Total,Ratio,Ireland,2023,3.86,,
ESTAT:SDG_10_41(1.0),30/10/25 23:00:00,Annual,Total,Total,Ratio,Ireland,2024,3.74,,
ESTAT:SDG_10_41(1.0),30/10/25 23:00:00,Annual,Total,Total,Ratio,Italy,2004,5.62,b,
ESTAT:SDG_10_41(1.0),30/10/25 23:00:00,Annual,Total,Total,Ratio,Italy,2005,5.57,,
ESTAT:SDG_10_41(1.0),30/10/25 23:00:00,Annual,Total,Total,Ratio,Italy,2006,5.45,,
ESTAT:SDG_10_41(1.0),30/10/25 23:00:00,Annual,Total,Total,Ratio,Italy,2007,5.42,,
ESTAT:SDG_10_41(1.0),30/10/25 23:00:00,Annual,Total,Total,Ratio,Italy,2008,5.21,,
ESTAT:SDG_10_41(1.0),30/10/25 23:00:00,Annual,Total,Total,Ratio,Italy,2009,5.31,,
ESTAT:SDG_10_41(1.0),30/10/25 23:00:00,Annual,Total,Total,Ratio,Italy,2010,5.38,,
ESTAT:SDG_10_41(1.0),30/10/25 23:00:00,Annual,Total,Total,Ratio,Italy,2011,5.73,,
ESTAT:SDG_10_41(1.0),30/10/25 23:00:00,Annual,Total,Total,Ratio,Italy,2012,5.64,,
ESTAT:SDG_10_41(1.0),30/10/25 23:00:00,Annual,Total,Total,Ratio,Italy,2013,5.85,,
ESTAT:SDG_10_41(1.0),30/10/25 23:00:00,Annual,Total,Total,Ratio,Italy,2014,5.78,,
ESTAT:SDG_10_41(1.0),30/10/25 23:00:00,Annual,Total,Total,Ratio,Italy,2015,5.84,,
ESTAT:SDG_10_41(1.0),30/10/25 23:00:00,Annual,Total,Total,Ratio,Italy,2016,6.27,,
ESTAT:SDG_10_41(1.0),30/10/25 23:00:00,Annual,Total,Total,Ratio,Italy,2017,5.92,,
ESTAT:SDG_10_41(1.0),30/10/25 23:00:00,Annual,Total,Total,Ratio,Italy,2018,6.09,,
ESTAT:SDG_10_41(1.0),30/10/25 23:00:00,Annual,Total,Total,Ratio,Italy,2019,6.01,,
ESTAT:SDG_10_41(1.0),30/10/25 23:00:00,Annual,Total,Total,Ratio,Italy,2020,5.75,,
ESTAT:SDG_10_41(1.0),30/10/25 23:00:00,Annual,Total,Total,Ratio,Italy,2021,5.86,,
ESTAT:SDG_10_41(1.0),30/10/25 23:00:00,Annual,Total,Total,Ratio,Italy,2022,5.62,,
ESTAT:SDG_10_41(1.0),30/10/25 23:00:00,Annual,Total,Total,Ratio,Italy,2023,5.27,,
ESTAT:SDG_10_41(1.0),30/10/25 23:00:00,Annual,Total,Total,Ratio,Italy,2024,5.53,,
ESTAT:SDG_10_41(1.0),30/10/25 23:00:00,Annual,Total,Total,Ratio,Lithuania,2005,6.95,b,
ESTAT:SDG_10_41(1.0),30/10/25 23:00:00,Annual,Total,Total,Ratio,Lithuania,2006,6.34,,
ESTAT:SDG_10_41(1.0),30/10/25 23:00:00,Annual,Total,Total,Ratio,Lithuania,2007,5.91,,
ESTAT:SDG_10_41(1.0),30/10/25 23:00:00,Annual,Total,Total,Ratio,Lithuania,2008,6.11,,
ESTAT:SDG_10_41(1.0),30/10/25 23:00:00,Annual,Total,Total,Ratio,Lithuania,2009,6.39,,
ESTAT:SDG_10_41(1.0),30/10/25 23:00:00,Annual,Total,Total,Ratio,Lithuania,2010,7.35,,
ESTAT:SDG_10_41(1.0),30/10/25 23:00:00,Annual,Total,Total,Ratio,Lithuania,2011,5.84,,
ESTAT:SDG_10_41(1.0),30/10/25 23:00:00,Annual,Total,Total,Ratio,Lithuania,2012,5.32,,
ESTAT:SDG_10_41(1.0),30/10/25 23:00:00,Annual,Total,Total,Ratio,Lithuania,2013,6.05,,
ESTAT:SDG_10_41(1.0),30/10/25 23:00:00,Annual,Total,Total,Ratio,Lithuania,2014,6.10,,
ESTAT:SDG_10_41(1.0),30/10/25 23:00:00,Annual,Total,Total,Ratio,Lithuania,2015,7.46,,
ESTAT:SDG_10_41(1.0),30/10/25 23:00:00,Annual,Total,Total,Ratio,Lithuania,2016,7.06,,
ESTAT:SDG_10_41(1.0),30/10/25 23:00:00,Annual,Total,Total,Ratio,Lithuania,2017,7.28,,
ESTAT:SDG_10_41(1.0),30/10/25 23:00:00,Annual,Total,Total,Ratio,Lithuania,2018,7.09,,
ESTAT:SDG_10_41(1.0),30/10/25 23:00:00,Annual,Total,Total,Ratio,Lithuania,2019,6.44,,
ESTAT:SDG_10_41(1.0),30/10/25 23:00:00,Annual,Total,Total,Ratio,Lithuania,2020,6.14,,
ESTAT:SDG_10_41(1.0),30/10/25 23:00:00,Annual,Total,Total,Ratio,Lithuania,2021,6.14,,
ESTAT:SDG_10_41(1.0),30/10/25 23:00:00,Annual,Total,Total,Ratio,Lithuania,2022,6.39,,
ESTAT:SDG_10_41(1.0),30/10/25 23:00:00,Annual,Total,Total,Ratio,Lithuania,2023,6.32,,
ESTAT:SDG_10_41(1.0),30/10/25 23:00:00,Annual,Total,Total,Ratio,Lithuania,2024,6.54,p,
ESTAT:SDG_10_41(1.0),30/10/25 23:00:00,Annual,Total,Total,Ratio,Luxembourg,2003,4.06,b,
ESTAT:SDG_10_41(1.0),30/10/25 23:00:00,Annual,Total,Total,Ratio,Luxembourg,2004,3.92,,
ESTAT:SDG_10_41(1.0),30/10/25 23:00:00,Annual,Total,Total,Ratio,Luxembourg,2005,3.87,,
ESTAT:SDG_10_41(1.0),30/10/25 23:00:00,Annual,Total,Total,Ratio,Luxembourg,2006,4.18,,
ESTAT:SDG_10_41(1.0),30/10/25 23:00:00,Annual,Total,Total,Ratio,Luxembourg,2007,4.02,,
ESTAT:SDG_10_41(1.0),30/10/25 23:00:00,Annual,Total,Total,Ratio,Luxembourg,2008,4.11,,
ESTAT:SDG_10_41(1.0),30/10/25 23:00:00,Annual,Total,Total,Ratio,Luxembourg,2009,4.31,,
ESTAT:SDG_10_41(1.0),30/10/25 23:00:00,Annual,Total,Total,Ratio,Luxembourg,2010,4.10,,
ESTAT:SDG_10_41(1.0),30/10/25 23:00:00,Annual,Total,Total,Ratio,Luxembourg,2011,3.97,,
ESTAT:SDG_10_41(1.0),30/10/25 23:00:00,Annual,Total,Total,Ratio,Luxembourg,2012,4.13,,
ESTAT:SDG_10_41(1.0),30/10/25 23:00:00,Annual,Total,Total,Ratio,Luxembourg,2013,4.59,,
ESTAT:SDG_10_41(1.0),30/10/25 23:00:00,Annual,Total,Total,Ratio,Luxembourg,2014,4.42,,
ESTAT:SDG_10_41(1.0),30/10/25 23:00:00,Annual,Total,Total,Ratio,Luxembourg,2015,4.26,,
ESTAT:SDG_10_41(1.0),30/10/25 23:00:00,Annual,Total,Total,Ratio,Luxembourg,2016,4.62,b,
ESTAT:SDG_10_41(1.0),30/10/25 23:00:00,Annual,Total,Total,Ratio,Luxembourg,2017,4.56,,
ESTAT:SDG_10_41(1.0),30/10/25 23:00:00,Annual,Total,Total,Ratio,Luxembourg,2018,5.18,,
ESTAT:SDG_10_41(1.0),30/10/25 23:00:00,Annual,Total,Total,Ratio,Luxembourg,2019,5.34,,
ESTAT:SDG_10_41(1.0),30/10/25 23:00:00,Annual,Total,Total,Ratio,Luxembourg,2020,4.99,b,
ESTAT:SDG_10_41(1.0),30/10/25 23:00:00,Annual,Total,Total,Ratio,Luxembourg,2021,4.59,b,
ESTAT:SDG_10_41(1.0),30/10/25 23:00:00,Annual,Total,Total,Ratio,Luxembourg,2022,4.51,b,
ESTAT:SDG_10_41(1.0),30/10/25 23:00:00,Annual,Total,Total,Ratio,Luxembourg,2023,4.79,,
ESTAT:SDG_10_41(1.0),30/10/25 23:00:00,Annual,Total,Total,Ratio,Luxembourg,2024,4.68,,
ESTAT:SDG_10_41(1.0),30/10/25 23:00:00,Annual,Total,Total,Ratio,Latvia,2005,6.69,b,
ESTAT:SDG_10_41(1.0),30/10/25 23:00:00,Annual,Total,Total,Ratio,Latvia,2006,7.76,,
ESTAT:SDG_10_41(1.0),30/10/25 23:00:00,Annual,Total,Total,Ratio,Latvia,2007,6.37,,
ESTAT:SDG_10_41(1.0),30/10/25 23:00:00,Annual,Total,Total,Ratio,Latvia,2008,7.27,,
ESTAT:SDG_10_41(1.0),30/10/25 23:00:00,Annual,Total,Total,Ratio,Latvia,2009,7.40,,
ESTAT:SDG_10_41(1.0),30/10/25 23:00:00,Annual,Total,Total,Ratio,Latvia,2010,6.84,,
ESTAT:SDG_10_41(1.0),30/10/25 23:00:00,Annual,Total,Total,Ratio,Latvia,2011,6.50,,
ESTAT:SDG_10_41(1.0),30/10/25 23:00:00,Annual,Total,Total,Ratio,Latvia,2012,6.47,,
ESTAT:SDG_10_41(1.0),30/10/25 23:00:00,Annual,Total,Total,Ratio,Latvia,2013,6.32,,
ESTAT:SDG_10_41(1.0),30/10/25 23:00:00,Annual,Total,Total,Ratio,Latvia,2014,6.48,,
ESTAT:SDG_10_41(1.0),30/10/25 23:00:00,Annual,Total,Total,Ratio,Latvia,2015,6.51,,
ESTAT:SDG_10_41(1.0),30/10/25 23:00:00,Annual,Total,Total,Ratio,Latvia,2016,6.20,,
ESTAT:SDG_10_41(1.0),30/10/25 23:00:00,Annual,Total,Total,Ratio,Latvia,2017,6.30,,
ESTAT:SDG_10_41(1.0),30/10/25 23:00:00,Annual,Total,Total,Ratio,Latvia,2018,6.78,,
ESTAT:SDG_10_41(1.0),30/10/25 23:00:00,Annual,Total,Total,Ratio,Latvia,2019,6.54,,
ESTAT:SDG_10_41(1.0),30/10/25 23:00:00,Annual,Total,Total,Ratio,Latvia,2020,6.27,,
ESTAT:SDG_10_41(1.0),30/10/25 23:00:00,Annual,Total,Total,Ratio,Latvia,2021,6.63,,
ESTAT:SDG_10_41(1.0),30/10/25 23:00:00,Annual,Total,Total,Ratio,Latvia,2022,6.33,,
ESTAT:SDG_10_41(1.0),30/10/25 23:00:00,Annual,Total,Total,Ratio,Latvia,2023,6.20,,
ESTAT:SDG_10_41(1.0),30/10/25 23:00:00,Annual,Total,Total,Ratio,Latvia,2024,6.28,,
ESTAT:SDG_10_41(1.0),30/10/25 23:00:00,Annual,Total,Total,Ratio,Malta,2005,3.95,b,
ESTAT:SDG_10_41(1.0),30/10/25 23:00:00,Annual,Total,Total,Ratio,Malta,2006,4.03,,
ESTAT:SDG_10_41(1.0),30/10/25 23:00:00,Annual,Total,Total,Ratio,Malta,2007,3.89,,
ESTAT:SDG_10_41(1.0),30/10/25 23:00:00,Annual,Total,Total,Ratio,Malta,2008,4.26,,
ESTAT:SDG_10_41(1.0),30/10/25 23:00:00,Annual,Total,Total,Ratio,Malta,2009,3.99,,
ESTAT:SDG_10_41(1.0),30/10/25 23:00:00,Annual,Total,Total,Ratio,Malta,2010,4.33,,
ESTAT:SDG_10_41(1.0),30/10/25 23:00:00,Annual,Total,Total,Ratio,Malta,2011,4.01,,
ESTAT:SDG_10_41(1.0),30/10/25 23:00:00,Annual,Total,Total,Ratio,Malta,2012,3.94,,
ESTAT:SDG_10_41(1.0),30/10/25 23:00:00,Annual,Total,Total,Ratio,Malta,2013,4.14,,
ESTAT:SDG_10_41(1.0),30/10/25 23:00:00,Annual,Total,Total,Ratio,Malta,2014,4.05,,
ESTAT:SDG_10_41(1.0),30/10/25 23:00:00,Annual,Total,Total,Ratio,Malta,2015,4.15,,
ESTAT:SDG_10_41(1.0),30/10/25 23:00:00,Annual,Total,Total,Ratio,Malta,2016,4.22,,
ESTAT:SDG_10_41(1.0),30/10/25 23:00:00,Annual,Total,Total,Ratio,Malta,2017,4.21,,
ESTAT:SDG_10_41(1.0),30/10/25 23:00:00,Annual,Total,Total,Ratio,Malta,2018,4.28,,
ESTAT:SDG_10_41(1.0),30/10/25 23:00:00,Annual,Total,Total,Ratio,Malta,2019,4.18,,
ESTAT:SDG_10_41(1.0),30/10/25 23:00:00,Annual,Total,Total,Ratio,Malta,2020,4.69,,
ESTAT:SDG_10_41(1.0),30/10/25 23:00:00,Annual,Total,Total,Ratio,Malta,2021,5.03,,
ESTAT:SDG_10_41(1.0),30/10/25 23:00:00,Annual,Total,Total,Ratio,Malta,2022,4.75,,
ESTAT:SDG_10_41(1.0),30/10/25 23:00:00,Annual,Total,Total,Ratio,Malta,2023,5.30,,
ESTAT:SDG_10_41(1.0),30/10/25 23:00:00,Annual,Total,Total,Ratio,Malta,2024,4.87,,
ESTAT:SDG_10_41(1.0),30/10/25 23:00:00,Annual,Total,Total,Ratio,Netherlands,2005,3.99,b,
ESTAT:SDG_10_41(1.0),30/10/25 23:00:00,Annual,Total,Total,Ratio,Netherlands,2006,3.82,,
ESTAT:SDG_10_41(1.0),30/10/25 23:00:00,Annual,Total,Total,Ratio,Netherlands,2007,3.97,,
ESTAT:SDG_10_41(1.0),30/10/25 23:00:00,Annual,Total,Total,Ratio,Netherlands,2008,4.01,,
ESTAT:SDG_10_41(1.0),30/10/25 23:00:00,Annual,Total,Total,Ratio,Netherlands,2009,3.97,,
ESTAT:SDG_10_41(1.0),30/10/25 23:00:00,Annual,Total,Total,Ratio,Netherlands,2010,3.65,,
ESTAT:SDG_10_41(1.0),30/10/25 23:00:00,Annual,Total,Total,Ratio,Netherlands,2011,3.75,,
ESTAT:SDG_10_41(1.0),30/10/25 23:00:00,Annual,Total,Total,Ratio,Netherlands,2012,3.61,,
ESTAT:SDG_10_41(1.0),30/10/25 23:00:00,Annual,Total,Total,Ratio,Netherlands,2013,3.58,,
ESTAT:SDG_10_41(1.0),30/10/25 23:00:00,Annual,Total,Total,Ratio,Netherlands,2014,3.83,,
ESTAT:SDG_10_41(1.0),30/10/25 23:00:00,Annual,Total,Total,Ratio,Netherlands,2015,3.82,,
ESTAT:SDG_10_41(1.0),30/10/25 23:00:00,Annual,Total,Total,Ratio,Netherlands,2016,3.93,b,
ESTAT:SDG_10_41(1.0),30/10/25 23:00:00,Annual,Total,Total,Ratio,Netherlands,2017,3.99,,
ESTAT:SDG_10_41(1.0),30/10/25 23:00:00,Annual,Total,Total,Ratio,Netherlands,2018,4.05,,
ESTAT:SDG_10_41(1.0),30/10/25 23:00:00,Annual,Total,Total,Ratio,Netherlands,2019,3.94,,
ESTAT:SDG_10_41(1.0),30/10/25 23:00:00,Annual,Total,Total,Ratio,Netherlands,2020,4.15,,
ESTAT:SDG_10_41(1.0),30/10/25 23:00:00,Annual,Total,Total,Ratio,Netherlands,2021,3.88,,
ESTAT:SDG_10_41(1.0),30/10/25 23:00:00,Annual,Total,Total,Ratio,Netherlands,2022,3.94,,
ESTAT:SDG_10_41(1.0),30/10/25 23:00:00,Annual,Total,Total,Ratio,Netherlands,2023,3.87,,
ESTAT:SDG_10_41(1.0),30/10/25 23:00:00,Annual,Total,Total,Ratio,Netherlands,2024,3.72,,
ESTAT:SDG_10_41(1.0),30/10/25 23:00:00,Annual,Total,Total,Ratio,Norway,2003,3.76,b,
ESTAT:SDG_10_41(1.0),30/10/25 23:00:00,Annual,Total,Total,Ratio,Norway,2004,3.59,,
ESTAT:SDG_10_41(1.0),30/10/25 23:00:00,Annual,Total,Total,Ratio,Norway,2005,4.05,,
ESTAT:SDG_10_41(1.0),30/10/25 23:00:00,Annual,Total,Total,Ratio,Norway,2006,4.84,,
ESTAT:SDG_10_41(1.0),30/10/25 23:00:00,Annual,Total,Total,Ratio,Norway,2007,3.54,,
ESTAT:SDG_10_41(1.0),30/10/25 23:00:00,Annual,Total,Total,Ratio,Norway,2008,3.73,,
ESTAT:SDG_10_41(1.0),30/10/25 23:00:00,Annual,Total,Total,Ratio,Norway,2009,3.51,,
ESTAT:SDG_10_41(1.0),30/10/25 23:00:00,Annual,Total,Total,Ratio,Norway,2010,3.42,,
ESTAT:SDG_10_41(1.0),30/10/25 23:00:00,Annual,Total,Total,Ratio,Norway,2011,3.28,,
ESTAT:SDG_10_41(1.0),30/10/25 23:00:00,Annual,Total,Total,Ratio,Norway,2012,3.21,,
ESTAT:SDG_10_41(1.0),30/10/25 23:00:00,Annual,Total,Total,Ratio,Norway,2013,3.25,,
ESTAT:SDG_10_41(1.0),30/10/25 23:00:00,Annual,Total,Total,Ratio,Norway,2014,3.41,,
ESTAT:SDG_10_41(1.0),30/10/25 23:00:00,Annual,Total,Total,Ratio,Norway,2015,3.50,,
ESTAT:SDG_10_41(1.0),30/10/25 23:00:00,Annual,Total,Total,Ratio,Norway,2016,3.69,,
ESTAT:SDG_10_41(1.0),30/10/25 23:00:00,Annual,Total,Total,Ratio,Norway,2017,3.90,,
ESTAT:SDG_10_41(1.0),30/10/25 23:00:00,Annual,Total,Total,Ratio,Norway,2018,3.71,,
ESTAT:SDG_10_41(1.0),30/10/25 23:00:00,Annual,Total,Total,Ratio,Norway,2019,3.81,,
ESTAT:SDG_10_41(1.0),30/10/25 23:00:00,Annual,Total,Total,Ratio,Norway,2020,3.78,,
ESTAT:SDG_10_41(1.0),30/10/25 23:00:00,Annual,Total,Total,Ratio,Norway,2021,3.87,b,
ESTAT:SDG_10_41(1.0),30/10/25 23:00:00,Annual,Total,Total,Ratio,Norway,2022,4.11,,
ESTAT:SDG_10_41(1.0),30/10/25 23:00:00,Annual,Total,Total,Ratio,Norway,2023,3.63,b,
ESTAT:SDG_10_41(1.0),30/10/25 23:00:00,Annual,Total,Total,Ratio,Norway,2024,3.62,,
ESTAT:SDG_10_41(1.0),30/10/25 23:00:00,Annual,Total,Total,Ratio,Poland,2005,6.64,b,
ESTAT:SDG_10_41(1.0),30/10/25 23:00:00,Annual,Total,Total,Ratio,Poland,2006,5.65,,
ESTAT:SDG_10_41(1.0),30/10/25 23:00:00,Annual,Total,Total,Ratio,Poland,2007,5.26,,
ESTAT:SDG_10_41(1.0),30/10/25 23:00:00,Annual,Total,Total,Ratio,Poland,2008,5.12,,
ESTAT:SDG_10_41(1.0),30/10/25 23:00:00,Annual,Total,Total,Ratio,Poland,2009,4.97,,
ESTAT:SDG_10_41(1.0),30/10/25 23:00:00,Annual,Total,Total,Ratio,Poland,2010,4.98,,
ESTAT:SDG_10_41(1.0),30/10/25 23:00:00,Annual,Total,Total,Ratio,Poland,2011,4.95,,
ESTAT:SDG_10_41(1.0),30/10/25 23:00:00,Annual,Total,Total,Ratio,Poland,2012,4.92,,
ESTAT:SDG_10_41(1.0),30/10/25 23:00:00,Annual,Total,Total,Ratio,Poland,2013,4.88,,
ESTAT:SDG_10_41(1.0),30/10/25 23:00:00,Annual,Total,Total,Ratio,Poland,2014,4.91,,
ESTAT:SDG_10_41(1.0),30/10/25 23:00:00,Annual,Total,Total,Ratio,Poland,2015,4.92,,
ESTAT:SDG_10_41(1.0),30/10/25 23:00:00,Annual,Total,Total,Ratio,Poland,2016,4.76,,
ESTAT:SDG_10_41(1.0),30/10/25 23:00:00,Annual,Total,Total,Ratio,Poland,2017,4.56,,
ESTAT:SDG_10_41(1.0),30/10/25 23:00:00,Annual,Total,Total,Ratio,Poland,2018,4.25,,
ESTAT:SDG_10_41(1.0),30/10/25 23:00:00,Annual,Total,Total,Ratio,Poland,2019,4.37,,
ESTAT:SDG_10_41(1.0),30/10/25 23:00:00,Annual,Total,Total,Ratio,Poland,2020,4.07,,
ESTAT:SDG_10_41(1.0),30/10/25 23:00:00,Annual,Total,Total,Ratio,Poland,2021,4.03,,
ESTAT:SDG_10_41(1.0),30/10/25 23:00:00,Annual,Total,Total,Ratio,Poland,2022,3.91,,
ESTAT:SDG_10_41(1.0),30/10/25 23:00:00,Annual,Total,Total,Ratio,Poland,2023,4.06,,
ESTAT:SDG_10_41(1.0),30/10/25 23:00:00,Annual,Total,Total,Ratio,Poland,2024,3.85,,
ESTAT:SDG_10_41(1.0),30/10/25 23:00:00,Annual,Total,Total,Ratio,Portugal,2004,6.96,b,
ESTAT:SDG_10_41(1.0),30/10/25 23:00:00,Annual,Total,Total,Ratio,Portugal,2005,6.96,,
ESTAT:SDG_10_41(1.0),30/10/25 23:00:00,Annual,Total,Total,Ratio,Portugal,2006,6.73,,
ESTAT:SDG_10_41(1.0),30/10/25 23:00:00,Annual,Total,Total,Ratio,Portugal,2007,6.47,,
ESTAT:SDG_10_41(1.0),30/10/25 23:00:00,Annual,Total,Total,Ratio,Portugal,2008,6.11,,
ESTAT:SDG_10_41(1.0),30/10/25 23:00:00,Annual,Total,Total,Ratio,Portugal,2009,6.01,,
ESTAT:SDG_10_41(1.0),30/10/25 23:00:00,Annual,Total,Total,Ratio,Portugal,2010,5.56,,
ESTAT:SDG_10_41(1.0),30/10/25 23:00:00,Annual,Total,Total,Ratio,Portugal,2011,5.68,,
ESTAT:SDG_10_41(1.0),30/10/25 23:00:00,Annual,Total,Total,Ratio,Portugal,2012,5.82,,
ESTAT:SDG_10_41(1.0),30/10/25 23:00:00,Annual,Total,Total,Ratio,Portugal,2013,6.01,,
ESTAT:SDG_10_41(1.0),30/10/25 23:00:00,Annual,Total,Total,Ratio,Portugal,2014,6.23,,
ESTAT:SDG_10_41(1.0),30/10/25 23:00:00,Annual,Total,Total,Ratio,Portugal,2015,6.01,,
ESTAT:SDG_10_41(1.0),30/10/25 23:00:00,Annual,Total,Total,Ratio,Portugal,2016,5.88,,
ESTAT:SDG_10_41(1.0),30/10/25 23:00:00,Annual,Total,Total,Ratio,Portugal,2017,5.75,,
ESTAT:SDG_10_41(1.0),30/10/25 23:00:00,Annual,Total,Total,Ratio,Portugal,2018,5.22,,
ESTAT:SDG_10_41(1.0),30/10/25 23:00:00,Annual,Total,Total,Ratio,Portugal,2019,5.16,,
ESTAT:SDG_10_41(1.0),30/10/25 23:00:00,Annual,Total,Total,Ratio,Portugal,2020,4.99,,
ESTAT:SDG_10_41(1.0),30/10/25 23:00:00,Annual,Total,Total,Ratio,Portugal,2021,5.66,,
ESTAT:SDG_10_41(1.0),30/10/25 23:00:00,Annual,Total,Total,Ratio,Portugal,2022,5.13,,
ESTAT:SDG_10_41(1.0),30/10/25 23:00:00,Annual,Total,Total,Ratio,Portugal,2023,5.60,,
ESTAT:SDG_10_41(1.0),30/10/25 23:00:00,Annual,Total,Total,Ratio,Portugal,2024,5.20,,
ESTAT:SDG_10_41(1.0),30/10/25 23:00:00,Annual,Total,Total,Ratio,Romania,2007,8.11,b,
ESTAT:SDG_10_41(1.0),30/10/25 23:00:00,Annual,Total,Total,Ratio,Romania,2008,7.00,,
ESTAT:SDG_10_41(1.0),30/10/25 23:00:00,Annual,Total,Total,Ratio,Romania,2009,6.53,,
ESTAT:SDG_10_41(1.0),30/10/25 23:00:00,Annual,Total,Total,Ratio,Romania,2010,6.11,,
ESTAT:SDG_10_41(1.0),30/10/25 23:00:00,Annual,Total,Total,Ratio,Romania,2011,6.24,,
ESTAT:SDG_10_41(1.0),30/10/25 23:00:00,Annual,Total,Total,Ratio,Romania,2012,6.60,,
ESTAT:SDG_10_41(1.0),30/10/25 23:00:00,Annual,Total,Total,Ratio,Romania,2013,6.83,,
ESTAT:SDG_10_41(1.0),30/10/25 23:00:00,Annual,Total,Total,Ratio,Romania,2014,7.24,,
ESTAT:SDG_10_41(1.0),30/10/25 23:00:00,Annual,Total,Total,Ratio,Romania,2015,8.32,,
ESTAT:SDG_10_41(1.0),30/10/25 23:00:00,Annual,Total,Total,Ratio,Romania,2016,7.20,,
ESTAT:SDG_10_41(1.0),30/10/25 23:00:00,Annual,Total,Total,Ratio,Romania,2017,6.45,,
ESTAT:SDG_10_41(1.0),30/10/25 23:00:00,Annual,Total,Total,Ratio,Romania,2018,7.21,,
ESTAT:SDG_10_41(1.0),30/10/25 23:00:00,Annual,Total,Total,Ratio,Romania,2019,7.08,,
ESTAT:SDG_10_41(1.0),30/10/25 23:00:00,Annual,Total,Total,Ratio,Romania,2020,6.62,,
ESTAT:SDG_10_41(1.0),30/10/25 23:00:00,Annual,Total,Total,Ratio,Romania,2021,7.10,,
ESTAT:SDG_10_41(1.0),30/10/25 23:00:00,Annual,Total,Total,Ratio,Romania,2022,6.00,,
ESTAT:SDG_10_41(1.0),30/10/25 23:00:00,Annual,Total,Total,Ratio,Romania,2023,5.83,,
ESTAT:SDG_10_41(1.0),30/10/25 23:00:00,Annual,Total,Total,Ratio,Romania,2024,4.62,,
ESTAT:SDG_10_41(1.0),30/10/25 23:00:00,Annual,Total,Total,Ratio,Sweden,2004,3.31,b,
ESTAT:SDG_10_41(1.0),30/10/25 23:00:00,Annual,Total,Total,Ratio,Sweden,2005,3.33,,
ESTAT:SDG_10_41(1.0),30/10/25 23:00:00,Annual,Total,Total,Ratio,Sweden,2006,3.58,,
ESTAT:SDG_10_41(1.0),30/10/25 23:00:00,Annual,Total,Total,Ratio,Sweden,2007,3.35,,
ESTAT:SDG_10_41(1.0),30/10/25 23:00:00,Annual,Total,Total,Ratio,Sweden,2008,3.70,b,
ESTAT:SDG_10_41(1.0),30/10/25 23:00:00,Annual,Total,Total,Ratio,Sweden,2009,3.96,,
ESTAT:SDG_10_41(1.0),30/10/25 23:00:00,Annual,Total,Total,Ratio,Sweden,2010,3.85,,
ESTAT:SDG_10_41(1.0),30/10/25 23:00:00,Annual,Total,Total,Ratio,Sweden,2011,3.95,,
ESTAT:SDG_10_41(1.0),30/10/25 23:00:00,Annual,Total,Total,Ratio,Sweden,2012,3.98,,
ESTAT:SDG_10_41(1.0),30/10/25 23:00:00,Annual,Total,Total,Ratio,Sweden,2013,3.97,,
ESTAT:SDG_10_41(1.0),30/10/25 23:00:00,Annual,Total,Total,Ratio,Sweden,2014,4.15,,
ESTAT:SDG_10_41(1.0),30/10/25 23:00:00,Annual,Total,Total,Ratio,Sweden,2015,4.06,,
ESTAT:SDG_10_41(1.0),30/10/25 23:00:00,Annual,Total,Total,Ratio,Sweden,2016,4.25,,
ESTAT:SDG_10_41(1.0),30/10/25 23:00:00,Annual,Total,Total,Ratio,Sweden,2017,4.27,,
ESTAT:SDG_10_41(1.0),30/10/25 23:00:00,Annual,Total,Total,Ratio,Sweden,2018,4.13,,
ESTAT:SDG_10_41(1.0),30/10/25 23:00:00,Annual,Total,Total,Ratio,Sweden,2019,4.33,,
ESTAT:SDG_10_41(1.0),30/10/25 23:00:00,Annual,Total,Total,Ratio,Sweden,2020,4.12,,
ESTAT:SDG_10_41(1.0),30/10/25 23:00:00,Annual,Total,Total,Ratio,Sweden,2021,4.04,,
ESTAT:SDG_10_41(1.0),30/10/25 23:00:00,Annual,Total,Total,Ratio,Sweden,2022,4.34,,
ESTAT:SDG_10_41(1.0),30/10/25 23:00:00,Annual,Total,Total,Ratio,Sweden,2023,4.73,,
ESTAT:SDG_10_41(1.0),30/10/25 23:00:00,Annual,Total,Total,Ratio,Sweden,2024,4.34,,
ESTAT:SDG_10_41(1.0),30/10/25 23:00:00,Annual,Total,Total,Ratio,Slovenia,2005,3.43,b,
ESTAT:SDG_10_41(1.0),30/10/25 23:00:00,Annual,Total,Total,Ratio,Slovenia,2006,3.39,,
ESTAT:SDG_10_41(1.0),30/10/25 23:00:00,Annual,Total,Total,Ratio,Slovenia,2007,3.31,,
ESTAT:SDG_10_41(1.0),30/10/25 23:00:00,Annual,Total,Total,Ratio,Slovenia,2008,3.36,,
ESTAT:SDG_10_41(1.0),30/10/25 23:00:00,Annual,Total,Total,Ratio,Slovenia,2009,3.24,,
ESTAT:SDG_10_41(1.0),30/10/25 23:00:00,Annual,Total,Total,Ratio,Slovenia,2010,3.42,,
ESTAT:SDG_10_41(1.0),30/10/25 23:00:00,Annual,Total,Total,Ratio,Slovenia,2011,3.46,,
ESTAT:SDG_10_41(1.0),30/10/25 23:00:00,Annual,Total,Total,Ratio,Slovenia,2012,3.44,,
ESTAT:SDG_10_41(1.0),30/10/25 23:00:00,Annual,Total,Total,Ratio,Slovenia,2013,3.60,,
ESTAT:SDG_10_41(1.0),30/10/25 23:00:00,Annual,Total,Total,Ratio,Slovenia,2014,3.70,,
ESTAT:SDG_10_41(1.0),30/10/25 23:00:00,Annual,Total,Total,Ratio,Slovenia,2015,3.60,,
ESTAT:SDG_10_41(1.0),30/10/25 23:00:00,Annual,Total,Total,Ratio,Slovenia,2016,3.56,,
ESTAT:SDG_10_41(1.0),30/10/25 23:00:00,Annual,Total,Total,Ratio,Slovenia,2017,3.42,,
ESTAT:SDG_10_41(1.0),30/10/25 23:00:00,Annual,Total,Total,Ratio,Slovenia,2018,3.38,,
ESTAT:SDG_10_41(1.0),30/10/25 23:00:00,Annual,Total,Total,Ratio,Slovenia,2019,3.39,,
ESTAT:SDG_10_41(1.0),30/10/25 23:00:00,Annual,Total,Total,Ratio,Slovenia,2020,3.32,,
ESTAT:SDG_10_41(1.0),30/10/25 23:00:00,Annual,Total,Total,Ratio,Slovenia,2021,3.24,,
ESTAT:SDG_10_41(1.0),30/10/25 23:00:00,Annual,Total,Total,Ratio,Slovenia,2022,3.28,,
ESTAT:SDG_10_41(1.0),30/10/25 23:00:00,Annual,Total,Total,Ratio,Slovenia,2023,3.34,,
ESTAT:SDG_10_41(1.0),30/10/25 23:00:00,Annual,Total,Total,Ratio,Slovenia,2024,3.42,,
ESTAT:SDG_10_41(1.0),30/10/25 23:00:00,Annual,Total,Total,Ratio,Slovakia,2005,3.92,,
ESTAT:SDG_10_41(1.0),30/10/25 23:00:00,Annual,Total,Total,Ratio,Slovakia,2006,4.06,,
ESTAT:SDG_10_41(1.0),30/10/25 23:00:00,Annual,Total,Total,Ratio,Slovakia,2007,3.48,,
ESTAT:SDG_10_41(1.0),30/10/25 23:00:00,Annual,Total,Total,Ratio,Slovakia,2008,3.36,,
ESTAT:SDG_10_41(1.0),30/10/25 23:00:00,Annual,Total,Total,Ratio,Slovakia,2009,3.56,,
ESTAT:SDG_10_41(1.0),30/10/25 23:00:00,Annual,Total,Total,Ratio,Slovakia,2010,3.80,,
ESTAT:SDG_10_41(1.0),30/10/25 23:00:00,Annual,Total,Total,Ratio,Slovakia,2011,3.81,,
ESTAT:SDG_10_41(1.0),30/10/25 23:00:00,Annual,Total,Total,Ratio,Slovakia,2012,3.73,,
ESTAT:SDG_10_41(1.0),30/10/25 23:00:00,Annual,Total,Total,Ratio,Slovakia,2013,3.58,,
ESTAT:SDG_10_41(1.0),30/10/25 23:00:00,Annual,Total,Total,Ratio,Slovakia,2014,3.93,,
ESTAT:SDG_10_41(1.0),30/10/25 23:00:00,Annual,Total,Total,Ratio,Slovakia,2015,3.54,,
ESTAT:SDG_10_41(1.0),30/10/25 23:00:00,Annual,Total,Total,Ratio,Slovakia,2016,3.63,,
ESTAT:SDG_10_41(1.0),30/10/25 23:00:00,Annual,Total,Total,Ratio,Slovakia,2017,3.49,,
ESTAT:SDG_10_41(1.0),30/10/25 23:00:00,Annual,Total,Total,Ratio,Slovakia,2018,3.03,,
ESTAT:SDG_10_41(1.0),30/10/25 23:00:00,Annual,Total,Total,Ratio,Slovakia,2019,3.34,,
ESTAT:SDG_10_41(1.0),30/10/25 23:00:00,Annual,Total,Total,Ratio,Slovakia,2020,3.03,,
ESTAT:SDG_10_41(1.0),30/10/25 23:00:00,Annual,Total,Total,Ratio,Slovakia,2021,3.20,,
ESTAT:SDG_10_41(1.0),30/10/25 23:00:00,Annual,Total,Total,Ratio,Slovakia,2022,3.12,,
ESTAT:SDG_10_41(1.0),30/10/25 23:00:00,Annual,Total,Total,Ratio,Slovakia,2023,3.63,,
ESTAT:SDG_10_41(1.0),30/10/25 23:00:00,Annual,Total,Total,Ratio,Slovakia,2024,3.28,,
ESTAT:SDG_10_41(1.0),30/10/25 23:00:00,Annual,Total,Total,Ratio,United Kingdom,2005,5.87,b,
ESTAT:SDG_10_41(1.0),30/10/25 23:00:00,Annual,Total,Total,Ratio,United Kingdom,2006,5.39,,
ESTAT:SDG_10_41(1.0),30/10/25 23:00:00,Annual,Total,Total,Ratio,United Kingdom,2007,5.34,,
ESTAT:SDG_10_41(1.0),30/10/25 23:00:00,Annual,Total,Total,Ratio,United Kingdom,2008,5.63,,
ESTAT:SDG_10_41(1.0),30/10/25 23:00:00,Annual,Total,Total,Ratio,United Kingdom,2009,5.25,,
ESTAT:SDG_10_41(1.0),30/10/25 23:00:00,Annual,Total,Total,Ratio,United Kingdom,2010,5.35,,
ESTAT:SDG_10_41(1.0),30/10/25 23:00:00,Annual,Total,Total,Ratio,United Kingdom,2011,5.34,,
ESTAT:SDG_10_41(1.0),30/10/25 23:00:00,Annual,Total,Total,Ratio,United Kingdom,2012,4.98,b,
ESTAT:SDG_10_41(1.0),30/10/25 23:00:00,Annual,Total,Total,Ratio,United Kingdom,2013,4.63,,
ESTAT:SDG_10_41(1.0),30/10/25 23:00:00,Annual,Total,Total,Ratio,United Kingdom,2014,5.06,,
ESTAT:SDG_10_41(1.0),30/10/25 23:00:00,Annual,Total,Total,Ratio,United Kingdom,2015,5.23,,
ESTAT:SDG_10_41(1.0),30/10/25 23:00:00,Annual,Total,Total,Ratio,United Kingdom,2016,5.12,,
ESTAT:SDG_10_41(1.0),30/10/25 23:00:00,Annual,Total,Total,Ratio,United Kingdom,2017,5.40,b,
ESTAT:SDG_10_41(1.0),30/10/25 23:00:00,Annual,Total,Total,Ratio,United Kingdom,2018,5.63,,
