Entity,Code,Year,"8.6.1 - Proportion of youth not in education, employment or training, by sex and age - 13th ICLS (%) - SL_TLF_NEET - Both sexes"
Afghanistan,AFG,2014,35.06
Afghanistan,AFG,2017,42.84
Afghanistan,AFG,2020,53.76
Afghanistan,AFG,2021,43.68
Africa (UN),,2005,24.75
Africa (UN),,2006,24.47
Africa (UN),,2007,24.14
Africa (UN),,2008,23.87
Africa (UN),,2009,23.72
Africa (UN),,2010,23.98
Africa (UN),,2011,23.87
Africa (UN),,2012,23.68
Africa (UN),,2013,23.34
Africa (UN),,2014,23.49
Africa (UN),,2015,23.77
Africa (UN),,2016,24.14
Africa (UN),,2017,24.71
Africa (UN),,2018,25.29
Africa (UN),,2019,26.01
Africa (UN),,2020,27.07
Africa (UN),,2021,26.36
Africa (UN),,2022,26.17
Africa (UN),,2023,26.1
Algeria,DZA,2009,25.45
Algeria,DZA,2010,24.53
Algeria,DZA,2011,26
Algeria,DZA,2012,22.7
Algeria,DZA,2013,21.5
Algeria,DZA,2014,22.8
Algeria,DZA,2015,21.2
Algeria,DZA,2017,20.95
Angola,AGO,2004,30.96
Angola,AGO,2009,25.81
Angola,AGO,2011,10.01
Angola,AGO,2014,30.62
Angola,AGO,2019,23.06
Angola,AGO,2021,21.69
Argentina,ARG,2004,20.98
Argentina,ARG,2005,19.87
Argentina,ARG,2006,19.51
Argentina,ARG,2008,19.42
Argentina,ARG,2009,20.04
Argentina,ARG,2010,19.46
Argentina,ARG,2011,18.4
Argentina,ARG,2012,18.41
Argentina,ARG,2013,19.07
Argentina,ARG,2014,19.67
Argentina,ARG,2017,19.25
Argentina,ARG,2018,19.02
Argentina,ARG,2019,19.23
Argentina,ARG,2020,22.33
Argentina,ARG,2021,16.12
Argentina,ARG,2022,15.87
Armenia,ARM,2007,38.67
Armenia,ARM,2008,38.14
Armenia,ARM,2009,38.54
Armenia,ARM,2010,38.29
Armenia,ARM,2011,37.22
Armenia,ARM,2012,34.62
Armenia,ARM,2013,34.89
Armenia,ARM,2014,38.03
Armenia,ARM,2015,35.56
Armenia,ARM,2016,36.58
Armenia,ARM,2017,36.59
Armenia,ARM,2018,29.52
Armenia,ARM,2019,26.04
Armenia,ARM,2020,26.08
Armenia,ARM,2021,23.49
Aruba,ABW,2010,16.56
Asia (UN),,2005,26.7
Asia (UN),,2006,26.28
Asia (UN),,2007,25.71
Asia (UN),,2008,25.06
Asia (UN),,2009,24.58
Asia (UN),,2010,23.72
Asia (UN),,2011,23.15
Asia (UN),,2012,22.69
Asia (UN),,2013,22.77
Asia (UN),,2014,22.75
Asia (UN),,2015,22.9
Asia (UN),,2016,23
Asia (UN),,2017,23.15
Asia (UN),,2018,23.25
Asia (UN),,2019,23.3
Asia (UN),,2020,24.44
Asia (UN),,2021,22.94
Asia (UN),,2022,22.14
Asia (UN),,2023,22.16
Australia,AUS,2009,11.4
Australia,AUS,2010,11.32
Australia,AUS,2011,10.59
Australia,AUS,2012,9.91
Australia,AUS,2013,11.02
Australia,AUS,2014,10.09
Australia,AUS,2015,9.8
Australia,AUS,2016,8.69
Australia,AUS,2017,8.94
Australia and New Zealand (UN SDG),,2005,10.96
Australia and New Zealand (UN SDG),,2006,10.61
Australia and New Zealand (UN SDG),,2007,10.34
Australia and New Zealand (UN SDG),,2008,10.11
Australia and New Zealand (UN SDG),,2009,11.88
Australia and New Zealand (UN SDG),,2010,11.71
Australia and New Zealand (UN SDG),,2011,11.07
Australia and New Zealand (UN SDG),,2012,10.56
Australia and New Zealand (UN SDG),,2013,11.22
Australia and New Zealand (UN SDG),,2014,10.35
Australia and New Zealand (UN SDG),,2015,10.1
Australia and New Zealand (UN SDG),,2016,9.28
Australia and New Zealand (UN SDG),,2017,9.44
Australia and New Zealand (UN SDG),,2018,10.13
Australia and New Zealand (UN SDG),,2019,9.4
Australia and New Zealand (UN SDG),,2020,11.08
Australia and New Zealand (UN SDG),,2021,9.99
Australia and New Zealand (UN SDG),,2022,9.23
Australia and New Zealand (UN SDG),,2023,9.45
Austria,AUT,2000,7.92
Austria,AUT,2001,8.09
Austria,AUT,2002,6.09
Austria,AUT,2003,7.25
Austria,AUT,2004,9.64
Austria,AUT,2005,11.84
Austria,AUT,2006,11.22
Austria,AUT,2007,10.71
Austria,AUT,2008,10.37
Austria,AUT,2009,11.73
Austria,AUT,2010,10.79
Austria,AUT,2011,10.56
Austria,AUT,2012,10.16
Austria,AUT,2013,10.34
Austria,AUT,2014,10.76
Austria,AUT,2015,11.04
Austria,AUT,2016,10.91
Austria,AUT,2017,10.45
Austria,AUT,2018,10.42
Austria,AUT,2019,11.01
Austria,AUT,2020,11.42
Austria,AUT,2021,12.26
Austria,AUT,2022,12.16
Azerbaijan,AZE,2009,9.4
Azerbaijan,AZE,2010,9.64
Bangladesh,BGD,2005,30.99
Bangladesh,BGD,2006,32.26
Bangladesh,BGD,2010,30.06
Bangladesh,BGD,2013,32.04
Bangladesh,BGD,2016,28.88
Bangladesh,BGD,2017,27.39
Bangladesh,BGD,2022,30
Barbados,BRB,2016,28.99
Belarus,BLR,2009,12.08
Belarus,BLR,2016,8.05
Belarus,BLR,2017,7.11
Belarus,BLR,2018,6.2
Belarus,BLR,2019,9.25
Belarus,BLR,2020,9.18
Belarus,BLR,2021,7.73
Belarus,BLR,2022,10.19
Belgium,BEL,2000,9.04
Belgium,BEL,2001,9.06
Belgium,BEL,2002,9.78
Belgium,BEL,2003,10.33
Belgium,BEL,2004,8.55
Belgium,BEL,2005,13.02
Belgium,BEL,2006,11.25
Belgium,BEL,2007,11.16
Belgium,BEL,2008,10.14
Belgium,BEL,2009,11.08
Belgium,BEL,2010,10.86
Belgium,BEL,2011,11.81
Belgium,BEL,2012,12.35
Belgium,BEL,2013,12.68
Belgium,BEL,2014,12.05
Belgium,BEL,2015,12.18
Belgium,BEL,2016,9.89
Belgium,BEL,2017,9.85
Belgium,BEL,2018,9.8
Belgium,BEL,2019,9.25
Belgium,BEL,2020,9.99
Belgium,BEL,2021,6.65
Belgium,BEL,2022,7.11
Belize,BLZ,2013,27.93
Belize,BLZ,2014,27.79
Belize,BLZ,2015,27.68
Belize,BLZ,2016,27.38
Belize,BLZ,2017,27.38
Belize,BLZ,2019,24.88
Belize,BLZ,2021,30.25
Benin,BEN,2011,17.23
Benin,BEN,2018,35.1
Bermuda,BMU,2010,6.79
Bhutan,BTN,2018,15.19
Bhutan,BTN,2019,10.41
Bhutan,BTN,2020,11.97
Bhutan,BTN,2021,9.56
Bhutan,BTN,2022,18.62
Bolivia,BOL,2004,13.08
Bolivia,BOL,2005,12.08
Bolivia,BOL,2006,10.79
Bolivia,BOL,2007,11.02
Bolivia,BOL,2008,9.69
Bolivia,BOL,2009,9.18
Bolivia,BOL,2011,10.85
Bolivia,BOL,2012,10.41
Bolivia,BOL,2013,10.45
Bolivia,BOL,2014,11.16
Bolivia,BOL,2015,14.56
Bolivia,BOL,2016,10.79
Bolivia,BOL,2017,11.58
Bolivia,BOL,2018,10.83
Bolivia,BOL,2019,10.24
Bolivia,BOL,2020,13.7
Bolivia,BOL,2021,10.98
Bolivia,BOL,2022,9.97
Bosnia and Herzegovina,BIH,2001,32.45
Bosnia and Herzegovina,BIH,2006,35.49
Bosnia and Herzegovina,BIH,2007,32.36
Bosnia and Herzegovina,BIH,2008,27.37
Bosnia and Herzegovina,BIH,2009,26.63
Bosnia and Herzegovina,BIH,2010,28.73
Bosnia and Herzegovina,BIH,2011,28.3
Bosnia and Herzegovina,BIH,2012,28.92
Bosnia and Herzegovina,BIH,2013,26.63
Bosnia and Herzegovina,BIH,2014,27.1
Bosnia and Herzegovina,BIH,2015,28.35
Bosnia and Herzegovina,BIH,2016,27.09
Bosnia and Herzegovina,BIH,2017,25.51
Bosnia and Herzegovina,BIH,2018,22.61
Bosnia and Herzegovina,BIH,2019,22.6
Bosnia and Herzegovina,BIH,2020,21.81
Bosnia and Herzegovina,BIH,2021,19.3
Bosnia and Herzegovina,BIH,2022,17.62
Botswana,BWA,2006,42.34
Botswana,BWA,2009,35.67
Botswana,BWA,2019,31.98
Botswana,BWA,2020,37.14
Botswana,BWA,2021,35.17
Botswana,BWA,2022,37
Brazil,BRA,2001,19.65
Brazil,BRA,2002,19.24
Brazil,BRA,2003,19.28
Brazil,BRA,2004,18.99
Brazil,BRA,2005,19.07
Brazil,BRA,2006,19.24
Brazil,BRA,2007,19.18
Brazil,BRA,2008,18.32
Brazil,BRA,2009,18.79
Brazil,BRA,2011,19.4
Brazil,BRA,2012,20.54
Brazil,BRA,2013,20.9
Brazil,BRA,2014,20.69
Brazil,BRA,2015,22.1
Brazil,BRA,2016,23.8
Brazil,BRA,2017,24.87
Brazil,BRA,2018,24.6
Brazil,BRA,2019,23.99
Brazil,BRA,2020,25.99
Brazil,BRA,2021,23.38
Brazil,BRA,2022,20.97
Brunei,BRN,2014,17.11
Brunei,BRN,2017,19.97
Brunei,BRN,2018,20.72
Brunei,BRN,2019,20.09
Brunei,BRN,2020,21.43
Brunei,BRN,2021,18.68
Brunei,BRN,2022,20
Bulgaria,BGR,2000,79.55
Bulgaria,BGR,2001,29.69
Bulgaria,BGR,2002,27.38
Bulgaria,BGR,2003,28.29
Bulgaria,BGR,2004,24.37
Bulgaria,BGR,2005,25.05
Bulgaria,BGR,2006,22.24
Bulgaria,BGR,2007,19.15
Bulgaria,BGR,2008,16.79
Bulgaria,BGR,2009,19.81
Bulgaria,BGR,2010,21.14
Bulgaria,BGR,2011,22.4
Bulgaria,BGR,2012,21.59
Bulgaria,BGR,2013,20.95
Bulgaria,BGR,2014,20.19
Bulgaria,BGR,2015,18.47
Bulgaria,BGR,2016,18.2
Bulgaria,BGR,2017,15.85
Bulgaria,BGR,2018,13.84
Bulgaria,BGR,2019,13.6
Bulgaria,BGR,2020,14.78
Bulgaria,BGR,2021,13.77
Bulgaria,BGR,2022,12.83
Burkina Faso,BFA,2018,41
Burundi,BDI,2006,11.3
Burundi,BDI,2014,5.07
Burundi,BDI,2017,6.19
Burundi,BDI,2020,11.17
Cambodia,KHM,2000,10.34
Cambodia,KHM,2001,6.13
Cambodia,KHM,2003,10.32
Cambodia,KHM,2007,8.05
Cambodia,KHM,2008,8.63
Cambodia,KHM,2009,7.13
Cambodia,KHM,2010,5.31
Cambodia,KHM,2011,5.1
Cambodia,KHM,2012,12.72
Cambodia,KHM,2013,6.34
Cambodia,KHM,2014,6.32
Cambodia,KHM,2015,6.59
Cambodia,KHM,2016,6.41
Cambodia,KHM,2017,6.46
Cambodia,KHM,2019,11.38
Cambodia,KHM,2020,5.69
Cambodia,KHM,2021,6.19
Cameroon,CMR,2007,11.12
Cameroon,CMR,2010,10.79
Cameroon,CMR,2014,17.01
Canada,CAN,2000,13.9
Canada,CAN,2001,13.33
Canada,CAN,2002,13.22
Canada,CAN,2003,13.19
Canada,CAN,2004,13.09
Canada,CAN,2005,12.78
Canada,CAN,2006,12.21
Canada,CAN,2007,11.94
Canada,CAN,2008,12.42
Canada,CAN,2009,13.93
Canada,CAN,2010,13.7
Canada,CAN,2011,13.19
Canada,CAN,2012,13.25
Canada,CAN,2013,12.91
Canada,CAN,2014,13.55
Canada,CAN,2015,13.27
Canada,CAN,2016,12.89
Canada,CAN,2017,12.07
Canada,CAN,2018,12.21
Canada,CAN,2019,12.04
Canada,CAN,2020,17.86
Canada,CAN,2021,12.82
Canada,CAN,2022,11.6
Canada,CAN,2023,11.74
Cape Verde,CPV,2009,35
Cape Verde,CPV,2017,31.4
Cape Verde,CPV,2018,30.25
Cape Verde,CPV,2019,27.99
Central and Southern Asia (UN SDG),,2005,34.91
Central and Southern Asia (UN SDG),,2006,34.17
Central and Southern Asia (UN SDG),,2007,33.01
Central and Southern Asia (UN SDG),,2008,31.74
Central and Southern Asia (UN SDG),,2009,30.68
Central and Southern Asia (UN SDG),,2010,29.37
Central and Southern Asia (UN SDG),,2011,28.57
Central and Southern Asia (UN SDG),,2012,28.06
Central and Southern Asia (UN SDG),,2013,28.44
Central and Southern Asia (UN SDG),,2014,28.7
Central and Southern Asia (UN SDG),,2015,28.95
Central and Southern Asia (UN SDG),,2016,29.23
Central and Southern Asia (UN SDG),,2017,29.7
Central and Southern Asia (UN SDG),,2018,30.41
Central and Southern Asia (UN SDG),,2019,30.4
Central and Southern Asia (UN SDG),,2020,31.07
Central and Southern Asia (UN SDG),,2021,29.05
Central and Southern Asia (UN SDG),,2022,27.53
Central and Southern Asia (UN SDG),,2023,27.44
Chad,TCD,2018,37.05
Chile,CHL,2000,24.03
Chile,CHL,2003,20.54
Chile,CHL,2006,19.89
Chile,CHL,2009,23.2
Chile,CHL,2010,19.54
Chile,CHL,2011,19.18
Chile,CHL,2012,18.05
Chile,CHL,2013,18.41
Chile,CHL,2014,18.96
Chile,CHL,2015,19.2
Chile,CHL,2016,17.5
Chile,CHL,2017,18.28
Chile,CHL,2020,19.22
Chile,CHL,2021,15.34
Chile,CHL,2022,14.42
China,CHN,2000,12.69
Colombia,COL,2002,29.94
Colombia,COL,2003,28.09
Colombia,COL,2004,28.74
Colombia,COL,2005,27.72
Colombia,COL,2007,26.69
Colombia,COL,2008,25.54
Colombia,COL,2009,24.96
Colombia,COL,2010,23.44
Colombia,COL,2011,23.03
Colombia,COL,2012,22.53
Colombia,COL,2013,22.08
Colombia,COL,2014,21.4
Colombia,COL,2015,21.14
Colombia,COL,2016,21.13
Colombia,COL,2017,21.84
Colombia,COL,2018,22.84
Colombia,COL,2019,23.92
Colombia,COL,2021,27.26
Colombia,COL,2022,24.42
Comoros,COM,2004,37.17
Comoros,COM,2014,27.58
Comoros,COM,2021,22.72
Congo,COG,2005,29.87
Congo,COG,2009,22.27
Cook Islands,COK,2016,21.97
Cook Islands,COK,2019,12.49
Costa Rica,CRI,2001,21.96
Costa Rica,CRI,2002,20.76
Costa Rica,CRI,2003,21.62
Costa Rica,CRI,2004,20.16
Costa Rica,CRI,2005,18.66
Costa Rica,CRI,2006,18.47
Costa Rica,CRI,2007,17.47
Costa Rica,CRI,2008,17.32
Costa Rica,CRI,2009,19.64
Costa Rica,CRI,2010,19.09
Costa Rica,CRI,2011,21.14
Costa Rica,CRI,2012,17.57
Costa Rica,CRI,2013,17.97
Costa Rica,CRI,2014,18.31
Costa Rica,CRI,2015,18.65
Costa Rica,CRI,2016,20.45
Costa Rica,CRI,2017,19.96
Costa Rica,CRI,2018,18.68
Costa Rica,CRI,2019,17.58
Costa Rica,CRI,2020,19.95
Costa Rica,CRI,2021,18.99
Costa Rica,CRI,2022,17.18
Cote d'Ivoire,CIV,2012,22.76
Cote d'Ivoire,CIV,2013,17.51
Cote d'Ivoire,CIV,2016,25.76
Cote d'Ivoire,CIV,2019,21.92
Croatia,HRV,2002,20.37
Croatia,HRV,2003,18.21
Croatia,HRV,2004,16.75
Croatia,HRV,2005,16.72
Croatia,HRV,2006,14.18
Croatia,HRV,2007,12.87
Croatia,HRV,2008,11.62
Croatia,HRV,2009,13.5
Croatia,HRV,2010,15.67
Croatia,HRV,2011,16.22
Croatia,HRV,2012,16.59
Croatia,HRV,2013,19.63
Croatia,HRV,2014,19.33
Croatia,HRV,2015,18.12
Croatia,HRV,2016,16.9
Croatia,HRV,2017,15.35
Croatia,HRV,2018,13.57
Croatia,HRV,2019,11.78
Croatia,HRV,2020,12.24
Croatia,HRV,2021,12.69
Croatia,HRV,2022,11.92
Curacao,CUW,2018,5.06
Curacao,CUW,2020,17.46
Cyprus,CYP,2000,10.05
Cyprus,CYP,2001,7.77
Cyprus,CYP,2002,8.38
Cyprus,CYP,2003,8.93
Cyprus,CYP,2006,10.73
Cyprus,CYP,2007,8.99
Cyprus,CYP,2008,9.65
Cyprus,CYP,2009,9.9
Cyprus,CYP,2010,11.68
Cyprus,CYP,2011,14.64
Cyprus,CYP,2012,15.98
Cyprus,CYP,2013,18.67
Cyprus,CYP,2014,17.01
Cyprus,CYP,2015,15.3
Cyprus,CYP,2016,16.02
Cyprus,CYP,2017,16.09
Cyprus,CYP,2018,13.21
Cyprus,CYP,2019,13.66
Cyprus,CYP,2020,14.36
Cyprus,CYP,2021,13.77
Cyprus,CYP,2022,14.72
Czechia,CZE,2002,14.63
Czechia,CZE,2003,13.96
Czechia,CZE,2004,13.82
Czechia,CZE,2005,13.41
Czechia,CZE,2006,9.49
Czechia,CZE,2007,7.1
Czechia,CZE,2008,6.82
Czechia,CZE,2009,8.61
Czechia,CZE,2010,9.04
Czechia,CZE,2011,8.72
Czechia,CZE,2012,9.23
Czechia,CZE,2013,9.45
Czechia,CZE,2014,8.42
Czechia,CZE,2015,7.72
Czechia,CZE,2016,7.15
Czechia,CZE,2017,6.4
Czechia,CZE,2018,5.74
Czechia,CZE,2019,5.82
Czechia,CZE,2020,6.68
Czechia,CZE,2021,6.61
Czechia,CZE,2022,7.58
Democratic Republic of Congo,COD,2005,18.46
Democratic Republic of Congo,COD,2012,21.36
Democratic Republic of Congo,COD,2020,31.37
Denmark,DNK,2000,4.95
Denmark,DNK,2001,5.25
Denmark,DNK,2002,4.86
Denmark,DNK,2003,6.28
Denmark,DNK,2004,5.92
Denmark,DNK,2005,4.37
Denmark,DNK,2006,3.64
Denmark,DNK,2007,4.33
Denmark,DNK,2008,5.21
Denmark,DNK,2009,6.48
Denmark,DNK,2010,6.86
Denmark,DNK,2011,7.19
Denmark,DNK,2012,7.35
Denmark,DNK,2013,6.63
Denmark,DNK,2014,6.39
Denmark,DNK,2015,7.03
Denmark,DNK,2016,6.72
Denmark,DNK,2017,7.58
Denmark,DNK,2018,7.68
Denmark,DNK,2019,7.72
Denmark,DNK,2020,7.44
Denmark,DNK,2021,7.11
Denmark,DNK,2022,6.77
Developing regions,,2005,26.11
Developing regions,,2006,25.7
Developing regions,,2007,25.2
Developing regions,,2008,24.65
Developing regions,,2009,24.28
Developing regions,,2010,23.68
Developing regions,,2011,23.25
Developing regions,,2012,22.9
Developing regions,,2013,22.91
Developing regions,,2014,22.94
Developing regions,,2015,23.15
Developing regions,,2016,23.35
Developing regions,,2017,23.61
Developing regions,,2018,23.81
Developing regions,,2019,24
Developing regions,,2020,25.32
Developing regions,,2021,23.91
Developing regions,,2022,23.22
Developing regions,,2023,23.19
Djibouti,DJI,2017,22.82
Dominican Republic,DOM,2000,19.85
Dominican Republic,DOM,2001,21.09
Dominican Republic,DOM,2002,20.51
Dominican Republic,DOM,2003,21.13
Dominican Republic,DOM,2004,20.8
Dominican Republic,DOM,2005,20.51
Dominican Republic,DOM,2006,19.54
Dominican Republic,DOM,2007,19.3
Dominican Republic,DOM,2008,19.29
Dominican Republic,DOM,2009,21.74
Dominican Republic,DOM,2010,21.01
Dominican Republic,DOM,2011,20.08
Dominican Republic,DOM,2012,20.35
Dominican Republic,DOM,2013,20.96
Dominican Republic,DOM,2014,19.65
Dominican Republic,DOM,2015,25.23
Dominican Republic,DOM,2016,25.37
Dominican Republic,DOM,2017,24.34
Dominican Republic,DOM,2018,24.5
Dominican Republic,DOM,2019,24.73
Dominican Republic,DOM,2020,37.7
Dominican Republic,DOM,2021,27.33
Dominican Republic,DOM,2022,26.61
East Timor,TLS,2007,25.89
East Timor,TLS,2010,19.04
East Timor,TLS,2013,16.72
East Timor,TLS,2016,20.95
East Timor,TLS,2021,31.17
East Timor,TLS,2022,29.12
Eastern and South-Eastern Asia (UN SDG),,2005,18.35
Eastern and South-Eastern Asia (UN SDG),,2006,18.25
Eastern and South-Eastern Asia (UN SDG),,2007,18.01
Eastern and South-Eastern Asia (UN SDG),,2008,17.83
Eastern and South-Eastern Asia (UN SDG),,2009,17.83
Eastern and South-Eastern Asia (UN SDG),,2010,17.25
Eastern and South-Eastern Asia (UN SDG),,2011,16.82
Eastern and South-Eastern Asia (UN SDG),,2012,16.21
Eastern and South-Eastern Asia (UN SDG),,2013,15.84
Eastern and South-Eastern Asia (UN SDG),,2014,15.34
Eastern and South-Eastern Asia (UN SDG),,2015,15.16
Eastern and South-Eastern Asia (UN SDG),,2016,14.84
Eastern and South-Eastern Asia (UN SDG),,2017,14.38
Eastern and South-Eastern Asia (UN SDG),,2018,13.58
Eastern and South-Eastern Asia (UN SDG),,2019,13.47
Eastern and South-Eastern Asia (UN SDG),,2020,14.92
Eastern and South-Eastern Asia (UN SDG),,2021,14
Eastern and South-Eastern Asia (UN SDG),,2022,14.01
Eastern and South-Eastern Asia (UN SDG),,2023,14.12
Ecuador,ECU,2000,20.96
Ecuador,ECU,2001,18.03
Ecuador,ECU,2003,21.03
Ecuador,ECU,2004,18.43
Ecuador,ECU,2005,17.46
Ecuador,ECU,2006,17.05
Ecuador,ECU,2007,16.37
Ecuador,ECU,2008,16.14
Ecuador,ECU,2009,16.5
Ecuador,ECU,2010,15.66
Ecuador,ECU,2011,16.43
Ecuador,ECU,2012,16.55
Ecuador,ECU,2013,17.36
Ecuador,ECU,2014,20.23
Ecuador,ECU,2015,19.81
Ecuador,ECU,2016,18.44
Ecuador,ECU,2017,17.56
Ecuador,ECU,2018,17.67
Ecuador,ECU,2019,17.52
Ecuador,ECU,2021,18.82
Ecuador,ECU,2022,18.44
Egypt,EGY,2008,29.66
Egypt,EGY,2009,29.9
Egypt,EGY,2010,33.08
Egypt,EGY,2011,32.1
Egypt,EGY,2012,31.55
Egypt,EGY,2013,28.4
Egypt,EGY,2014,26.28
Egypt,EGY,2015,27.61
Egypt,EGY,2016,27.61
Egypt,EGY,2017,26.9
Egypt,EGY,2018,27.09
Egypt,EGY,2019,27.96
Egypt,EGY,2020,30.16
Egypt,EGY,2021,28.74
Egypt,EGY,2022,26.92
El Salvador,SLV,2009,28.93
El Salvador,SLV,2010,27.21
El Salvador,SLV,2011,25.91
El Salvador,SLV,2012,26.02
El Salvador,SLV,2013,25.35
El Salvador,SLV,2014,28.5
El Salvador,SLV,2015,28.54
El Salvador,SLV,2016,28.22
El Salvador,SLV,2017,28.4
El Salvador,SLV,2018,27.15
El Salvador,SLV,2019,27.94
El Salvador,SLV,2020,25.17
El Salvador,SLV,2021,26.15
El Salvador,SLV,2022,23.46
Estonia,EST,2000,17.47
Estonia,EST,2001,18.84
Estonia,EST,2002,10.52
Estonia,EST,2003,12.12
Estonia,EST,2004,15.14
Estonia,EST,2005,10.94
Estonia,EST,2006,8.91
Estonia,EST,2007,9.39
Estonia,EST,2008,9.09
Estonia,EST,2009,14.47
Estonia,EST,2010,14.03
Estonia,EST,2011,11.57
Estonia,EST,2012,12.2
Estonia,EST,2013,11.32
Estonia,EST,2014,11.75
Estonia,EST,2015,11.48
Estonia,EST,2016,9.57
Estonia,EST,2017,10.03
Estonia,EST,2018,10.35
Estonia,EST,2019,7.86
Estonia,EST,2020,9.2
Estonia,EST,2021,10.92
Estonia,EST,2022,10.73
Eswatini,SWZ,2016,35.5
Eswatini,SWZ,2021,34.34
Ethiopia,ETH,2013,10.48
Ethiopia,ETH,2021,17.53
Europe (UN),,2005,14.1
Europe (UN),,2006,13.54
Europe (UN),,2007,12.96
Europe (UN),,2008,12.49
Europe (UN),,2009,13.84
Europe (UN),,2010,13.88
Europe (UN),,2011,13.57
Europe (UN),,2012,13.54
Europe (UN),,2013,13.52
Europe (UN),,2014,13.29
Europe (UN),,2015,12.78
Europe (UN),,2016,12.51
Europe (UN),,2017,11.89
Europe (UN),,2018,11.51
Europe (UN),,2019,11.1
Europe (UN),,2020,12.09
Europe (UN),,2021,11.63
Europe (UN),,2022,10.79
Europe (UN),,2023,10.52
Europe and Northern America (UN SDG),,2005,13.78
Europe and Northern America (UN SDG),,2006,13.19
Europe and Northern America (UN SDG),,2007,12.73
Europe and Northern America (UN SDG),,2008,12.65
Europe and Northern America (UN SDG),,2009,14.21
Europe and Northern America (UN SDG),,2010,14.29
Europe and Northern America (UN SDG),,2011,13.82
Europe and Northern America (UN SDG),,2012,13.65
Europe and Northern America (UN SDG),,2013,13.78
Europe and Northern America (UN SDG),,2014,13.33
Europe and Northern America (UN SDG),,2015,12.69
Europe and Northern America (UN SDG),,2016,12.36
Europe and Northern America (UN SDG),,2017,11.58
Europe and Northern America (UN SDG),,2018,11.33
Europe and Northern America (UN SDG),,2019,10.89
Europe and Northern America (UN SDG),,2020,12.92
Europe and Northern America (UN SDG),,2021,11.87
Europe and Northern America (UN SDG),,2022,10.98
Europe and Northern America (UN SDG),,2023,10.58
Falkland Islands,FLK,2012,3.25
Fiji,FJI,2005,20.55
Fiji,FJI,2011,18.4
Fiji,FJI,2014,19.09
Fiji,FJI,2016,20.09
Finland,FIN,2000,10.1
Finland,FIN,2001,8.8
Finland,FIN,2002,8.49
Finland,FIN,2003,11.43
Finland,FIN,2004,9.83
Finland,FIN,2005,7.9
Finland,FIN,2006,8.1
Finland,FIN,2007,7.36
Finland,FIN,2008,8.16
Finland,FIN,2009,9.47
Finland,FIN,2010,8.65
Finland,FIN,2011,8.4
Finland,FIN,2012,7.71
Finland,FIN,2013,9.41
Finland,FIN,2014,9.86
Finland,FIN,2015,10.59
Finland,FIN,2016,9.24
Finland,FIN,2017,8.89
Finland,FIN,2018,7.75
Finland,FIN,2019,7.39
Finland,FIN,2020,9.37
Finland,FIN,2021,8.49
Finland,FIN,2022,8.07
France,FRA,2003,9.52
France,FRA,2004,10.69
France,FRA,2005,11.35
France,FRA,2006,11.78
France,FRA,2007,11
France,FRA,2008,10.87
France,FRA,2009,14.34
France,FRA,2010,12.88
France,FRA,2011,12.41
France,FRA,2012,12.84
France,FRA,2013,13.43
France,FRA,2014,13.5
France,FRA,2015,13.97
France,FRA,2016,13.94
France,FRA,2017,13.43
France,FRA,2018,13.08
France,FRA,2019,12.62
France,FRA,2020,12.7
France,FRA,2021,11.49
France,FRA,2022,11.56
Gambia,GMB,2012,34
Gambia,GMB,2018,29.44
Gambia,GMB,2023,39.85
Georgia,GEO,2012,32.56
Georgia,GEO,2013,30.95
Georgia,GEO,2014,28.77
Georgia,GEO,2015,27.44
Georgia,GEO,2016,26.82
Georgia,GEO,2017,24.76
Georgia,GEO,2018,26.85
Georgia,GEO,2019,26
Georgia,GEO,2020,24.91
Germany,DEU,2000,8.07
Germany,DEU,2001,7.81
Germany,DEU,2002,8.76
Germany,DEU,2003,10.03
Germany,DEU,2004,10.08
Germany,DEU,2005,11.35
Germany,DEU,2006,9.85
Germany,DEU,2007,9.47
Germany,DEU,2008,8.31
Germany,DEU,2009,8.31
Germany,DEU,2010,8.45
Germany,DEU,2011,8.16
Germany,DEU,2012,7.23
Germany,DEU,2013,6.41
Germany,DEU,2014,6.36
Germany,DEU,2015,6.24
Germany,DEU,2016,6.7
Germany,DEU,2017,6.27
Germany,DEU,2018,6.01
Germany,DEU,2019,5.61
Germany,DEU,2020,7.29
Germany,DEU,2021,7.87
Germany,DEU,2022,6.8
Ghana,GHA,2000,30.37
Ghana,GHA,2006,26.92
Ghana,GHA,2010,20.25
Ghana,GHA,2013,14.13
Ghana,GHA,2015,25.56
Ghana,GHA,2017,23
Ghana,GHA,2022,27.73
Greece,GRC,2000,24.96
Greece,GRC,2001,24.51
Greece,GRC,2002,24
Greece,GRC,2003,29.11
Greece,GRC,2004,24.52
Greece,GRC,2005,22.44
Greece,GRC,2006,13.33
Greece,GRC,2007,13.05
Greece,GRC,2008,13.1
Greece,GRC,2009,13.47
Greece,GRC,2010,15.77
Greece,GRC,2011,18.31
Greece,GRC,2012,21.13
Greece,GRC,2013,21.24
Greece,GRC,2014,19.87
Greece,GRC,2015,17.9
Greece,GRC,2016,16.24
Greece,GRC,2017,15.88
Greece,GRC,2018,14.69
Greece,GRC,2019,12.98
Greece,GRC,2020,13.53
Greece,GRC,2021,12.05
Greece,GRC,2022,11.35
Grenada,GRD,2018,26.94
Grenada,GRD,2019,23.93
Grenada,GRD,2020,28.91
Guatemala,GTM,2003,22.9
Guatemala,GTM,2004,29.53
Guatemala,GTM,2006,24.53
Guatemala,GTM,2010,27.86
Guatemala,GTM,2011,25.11
Guatemala,GTM,2012,22.91
Guatemala,GTM,2013,27.65
Guatemala,GTM,2014,26.9
Guatemala,GTM,2015,26.66
Guatemala,GTM,2016,27.42
Guatemala,GTM,2017,27.26
Guatemala,GTM,2018,27.79
Guatemala,GTM,2019,28.19
Guatemala,GTM,2021,26.14
Guatemala,GTM,2022,29.55
Guinea,GIN,2002,24.4
Guinea,GIN,2019,34.3
Guinea-Bissau,GNB,2018,24.3
Guyana,GUY,2018,43.9
Guyana,GUY,2019,46.39
Haiti,HTI,2012,21.09
Honduras,HND,2005,27.02
Honduras,HND,2006,26.84
Honduras,HND,2007,27.58
Honduras,HND,2008,25.89
Honduras,HND,2009,26.62
Honduras,HND,2010,26.21
Honduras,HND,2011,27.55
Honduras,HND,2012,28.67
Honduras,HND,2013,26.81
Honduras,HND,2014,28.67
Honduras,HND,2015,26.96
Honduras,HND,2016,27.82
Honduras,HND,2017,27.72
Honduras,HND,2018,26.62
Honduras,HND,2019,26.8
Honduras,HND,2021,30.88
Honduras,HND,2022,27.85
Hong Kong,HKG,2009,7.41
Hong Kong,HKG,2010,6.95
Hong Kong,HKG,2011,6.16
Hong Kong,HKG,2012,6.14
Hong Kong,HKG,2013,6.68
Hong Kong,HKG,2014,6.62
Hong Kong,HKG,2015,6.6
Hong Kong,HKG,2016,6.1
Hong Kong,HKG,2017,6.38
Hong Kong,HKG,2018,6.49
Hong Kong,HKG,2019,6.72
Hong Kong,HKG,2020,8.99
Hong Kong,HKG,2021,7.24
Hong Kong,HKG,2022,6.7
Hungary,HUN,2000,15.39
Hungary,HUN,2001,13.77
Hungary,HUN,2002,13.74
Hungary,HUN,2003,12.15
Hungary,HUN,2004,12.38
Hungary,HUN,2005,18.79
Hungary,HUN,2006,12.43
Hungary,HUN,2007,11.46
Hungary,HUN,2008,11.46
Hungary,HUN,2009,13.61
Hungary,HUN,2010,12.56
Hungary,HUN,2011,13.21
Hungary,HUN,2012,14.78
Hungary,HUN,2013,15.47
Hungary,HUN,2014,13.62
Hungary,HUN,2015,11.58
Hungary,HUN,2016,11.05
Hungary,HUN,2017,11.04
Hungary,HUN,2018,10.73
Hungary,HUN,2019,11
Hungary,HUN,2020,11.71
Hungary,HUN,2021,10.61
Hungary,HUN,2022,9.9
Iceland,ISL,2000,3.54
Iceland,ISL,2001,3.1
Iceland,ISL,2002,5.81
Iceland,ISL,2003,6.73
Iceland,ISL,2004,7.46
Iceland,ISL,2005,5.07
Iceland,ISL,2006,5.1
Iceland,ISL,2007,4.36
Iceland,ISL,2008,5.04
Iceland,ISL,2009,8.66
Iceland,ISL,2010,7.89
Iceland,ISL,2011,7.15
Iceland,ISL,2012,6.64
Iceland,ISL,2013,6.47
Iceland,ISL,2014,5.72
Iceland,ISL,2015,4.75
Iceland,ISL,2016,4.29
Iceland,ISL,2017,4.07
Iceland,ISL,2018,5.31
Iceland,ISL,2019,5.24
Iceland,ISL,2020,6.66
Iceland,ISL,2021,6.97
Iceland,ISL,2022,6.08
India,IND,2000,32.71
India,IND,2004,26.13
India,IND,2005,36.08
India,IND,2010,28.94
India,IND,2012,26.86
India,IND,2018,30.81
India,IND,2019,31.2
India,IND,2020,30.7
India,IND,2021,28.01
India,IND,2022,25.76
Indonesia,IDN,2000,29.38
Indonesia,IDN,2001,29.85
Indonesia,IDN,2002,31.06
Indonesia,IDN,2003,31.52
Indonesia,IDN,2004,31.42
Indonesia,IDN,2005,31.86
Indonesia,IDN,2006,30.42
Indonesia,IDN,2007,30.03
Indonesia,IDN,2008,28.15
Indonesia,IDN,2009,27.67
Indonesia,IDN,2010,26.65
Indonesia,IDN,2011,25.9
Indonesia,IDN,2012,22.95
Indonesia,IDN,2013,22.89
Indonesia,IDN,2014,22.35
Indonesia,IDN,2015,22.92
Indonesia,IDN,2016,22.48
Indonesia,IDN,2017,21.45
Indonesia,IDN,2018,21.74
Indonesia,IDN,2019,20.55
Indonesia,IDN,2020,21.8
Indonesia,IDN,2021,22.45
Indonesia,IDN,2022,22.34
Iran,IRN,2005,36.01
Iran,IRN,2006,35.81
Iran,IRN,2007,34.46
Iran,IRN,2008,34.19
Iran,IRN,2009,34.83
Iran,IRN,2010,34.43
Iran,IRN,2011,32.9
Iran,IRN,2012,32.1
Iran,IRN,2013,33.45
Iran,IRN,2014,33.33
Iran,IRN,2015,32.75
Iran,IRN,2016,32.38
Iran,IRN,2017,32.26
Iran,IRN,2018,32.09
Iran,IRN,2019,30.4
Iran,IRN,2020,29.4
Iran,IRN,2021,27.47
Iran,IRN,2022,26.94
Iraq,IRQ,2007,46.24
Iraq,IRQ,2012,40.64
Iraq,IRQ,2021,36.93
Ireland,IRL,2000,51.93
Ireland,IRL,2001,53.22
Ireland,IRL,2002,13.08
Ireland,IRL,2003,8.86
Ireland,IRL,2004,10.37
Ireland,IRL,2005,10.53
Ireland,IRL,2006,9.4
Ireland,IRL,2007,10.07
Ireland,IRL,2008,12.52
Ireland,IRL,2009,18.3
Ireland,IRL,2010,19.45
Ireland,IRL,2011,19.16
Ireland,IRL,2012,19.2
Ireland,IRL,2013,16.44
Ireland,IRL,2014,15.29
Ireland,IRL,2015,14.29
Ireland,IRL,2016,12.63
Ireland,IRL,2017,10.98
Ireland,IRL,2018,10.11
Ireland,IRL,2019,10.18
Ireland,IRL,2020,12.1
Ireland,IRL,2021,7.28
Ireland,IRL,2022,6.53
Israel,ISR,2012,15.38
Israel,ISR,2013,14.42
Israel,ISR,2014,14.47
Israel,ISR,2015,14.31
Israel,ISR,2016,13.68
Israel,ISR,2017,13.57
Israel,ISR,2018,13.42
Israel,ISR,2019,14.28
Israel,ISR,2020,16.06
Israel,ISR,2021,16.76
Israel,ISR,2022,15.45
Italy,ITA,2000,19.13
Italy,ITA,2001,18.29
Italy,ITA,2002,16.65
Italy,ITA,2003,17.38
Italy,ITA,2004,16.37
Italy,ITA,2005,17.28
Italy,ITA,2006,16.8
Italy,ITA,2007,16.16
Italy,ITA,2008,16.59
Italy,ITA,2009,17.57
Italy,ITA,2010,19
Italy,ITA,2011,19.67
Italy,ITA,2012,20.97
Italy,ITA,2013,22.17
Italy,ITA,2014,22.18
Italy,ITA,2015,21.46
Italy,ITA,2016,19.97
Italy,ITA,2017,20.2
Italy,ITA,2018,19.36
Italy,ITA,2019,18.24
Italy,ITA,2020,19.02
Italy,ITA,2021,19.77
Italy,ITA,2022,15.86
Jamaica,JAM,2008,27.84
Jamaica,JAM,2009,30.7
Jamaica,JAM,2010,31.61
Jamaica,JAM,2011,31.52
Jamaica,JAM,2012,32.3
Jamaica,JAM,2013,33.78
Jamaica,JAM,2014,32.96
Jamaica,JAM,2016,29.76
Jamaica,JAM,2017,27.88
Jamaica,JAM,2018,26.06
Jamaica,JAM,2019,22.91
Jamaica,JAM,2020,29.66
Jamaica,JAM,2021,26.05
Japan,JPN,2009,4.43
Japan,JPN,2010,4.34
Japan,JPN,2012,4.26
Japan,JPN,2013,3.96
Japan,JPN,2014,3.74
Japan,JPN,2015,3.66
Japan,JPN,2016,3.55
Japan,JPN,2017,3.32
Japan,JPN,2018,2.97
Japan,JPN,2019,3.14
Jordan,JOR,2017,38.06
Jordan,JOR,2018,36.52
Jordan,JOR,2019,36
Jordan,JOR,2020,35.38
Jordan,JOR,2021,32.85
Kazakhstan,KAZ,2001,18.6
Kazakhstan,KAZ,2002,14.88
Kazakhstan,KAZ,2003,13.53
Kazakhstan,KAZ,2004,13.24
Kazakhstan,KAZ,2005,12.81
Kazakhstan,KAZ,2006,12.5
Kazakhstan,KAZ,2007,10.73
Kazakhstan,KAZ,2008,9.71
Kazakhstan,KAZ,2009,9.55
Kazakhstan,KAZ,2010,8.2
Kazakhstan,KAZ,2011,7.8
Kazakhstan,KAZ,2012,8.03
Kazakhstan,KAZ,2013,8.02
Kazakhstan,KAZ,2014,8.76
Kazakhstan,KAZ,2015,8.46
Kazakhstan,KAZ,2016,9.49
Kenya,KEN,2005,22.7
Kenya,KEN,2016,13.73
Kenya,KEN,2019,19.67
Kenya,KEN,2021,18.73
Kiribati,KIR,2015,46.89
Kiribati,KIR,2019,52.01
Kiribati,KIR,2020,47.58
Kyrgyzstan,KGZ,2010,14.87
Kyrgyzstan,KGZ,2011,14.59
Kyrgyzstan,KGZ,2012,15.66
Kyrgyzstan,KGZ,2013,18.56
Kyrgyzstan,KGZ,2014,18.37
Kyrgyzstan,KGZ,2015,18.25
Kyrgyzstan,KGZ,2016,17.57
Kyrgyzstan,KGZ,2017,18.19
Kyrgyzstan,KGZ,2018,17.54
Kyrgyzstan,KGZ,2019,18.11
Kyrgyzstan,KGZ,2020,18.07
Kyrgyzstan,KGZ,2021,15.89
Laos,LAO,2010,5.12
Laos,LAO,2017,25.8
Laos,LAO,2022,22.51
Latin America and the Caribbean (UN SDG),,2005,21.28
Latin America and the Caribbean (UN SDG),,2006,20.86
Latin America and the Caribbean (UN SDG),,2007,20.63
Latin America and the Caribbean (UN SDG),,2008,20.4
Latin America and the Caribbean (UN SDG),,2009,20.61
Latin America and the Caribbean (UN SDG),,2010,20.33
Latin America and the Caribbean (UN SDG),,2011,20.28
Latin America and the Caribbean (UN SDG),,2012,20.36
Latin America and the Caribbean (UN SDG),,2013,20.59
Latin America and the Caribbean (UN SDG),,2014,20.64
Latin America and the Caribbean (UN SDG),,2015,21.05
Latin America and the Caribbean (UN SDG),,2016,21.43
Latin America and the Caribbean (UN SDG),,2017,21.65
Latin America and the Caribbean (UN SDG),,2018,21.53
Latin America and the Caribbean (UN SDG),,2019,21.36
Latin America and the Caribbean (UN SDG),,2020,24.3
Latin America and the Caribbean (UN SDG),,2021,21.7
Latin America and the Caribbean (UN SDG),,2022,20.4
Latin America and the Caribbean (UN SDG),,2023,19.95
Latvia,LVA,2000,69.74
Latvia,LVA,2001,71.68
Latvia,LVA,2002,12.83
Latvia,LVA,2003,12.73
Latvia,LVA,2004,12.34
Latvia,LVA,2005,10.89
Latvia,LVA,2006,11.46
Latvia,LVA,2007,11.94
Latvia,LVA,2008,11.82
Latvia,LVA,2009,17.49
Latvia,LVA,2010,17.81
Latvia,LVA,2011,16.03
Latvia,LVA,2012,14.89
Latvia,LVA,2013,13.03
Latvia,LVA,2014,12.02
Latvia,LVA,2015,10.52
Latvia,LVA,2016,11.21
Latvia,LVA,2017,11.96
Latvia,LVA,2018,7.9
Latvia,LVA,2019,9.24
Latvia,LVA,2020,8.55
Latvia,LVA,2021,8.69
Latvia,LVA,2022,7.77
Least Developed Countries (LDCs),,2005,23.72
Least Developed Countries (LDCs),,2006,23.94
Least Developed Countries (LDCs),,2007,23.9
Least Developed Countries (LDCs),,2008,23.8
Least Developed Countries (LDCs),,2009,23.77
Least Developed Countries (LDCs),,2010,23.69
Least Developed Countries (LDCs),,2011,23.84
Least Developed Countries (LDCs),,2012,24.07
Least Developed Countries (LDCs),,2013,24.26
Least Developed Countries (LDCs),,2014,24.56
Least Developed Countries (LDCs),,2015,24.87
Least Developed Countries (LDCs),,2016,25.29
Least Developed Countries (LDCs),,2017,25.26
Least Developed Countries (LDCs),,2018,25.13
Least Developed Countries (LDCs),,2019,25.31
Least Developed Countries (LDCs),,2020,26.9
Least Developed Countries (LDCs),,2021,26.37
Least Developed Countries (LDCs),,2022,26.26
Least Developed Countries (LDCs),,2023,26.23
Lebanon,LBN,2007,21.3
Lebanon,LBN,2019,23.52
Lesotho,LSO,2019,35.15
Liberia,LBR,2010,24.28
Liberia,LBR,2014,15.13
Liberia,LBR,2016,13.23
Liberia,LBR,2017,40.78
Lithuania,LTU,2000,17.2
Lithuania,LTU,2001,15.33
Lithuania,LTU,2002,11.15
Lithuania,LTU,2003,9.78
Lithuania,LTU,2004,9.88
Lithuania,LTU,2005,8.77
Lithuania,LTU,2006,8.32
Lithuania,LTU,2007,7.07
Lithuania,LTU,2008,8.85
Lithuania,LTU,2009,12.12
Lithuania,LTU,2010,13.17
Lithuania,LTU,2011,11.82
Lithuania,LTU,2012,11.17
Lithuania,LTU,2013,11.14
Lithuania,LTU,2014,9.91
Lithuania,LTU,2015,9.2
Lithuania,LTU,2016,9.41
Lithuania,LTU,2017,9.15
Lithuania,LTU,2018,8.04
Lithuania,LTU,2019,8.65
Lithuania,LTU,2020,10.76
Lithuania,LTU,2021,11.31
Lithuania,LTU,2022,9.65
Luxembourg,LUX,2000,5.03
Luxembourg,LUX,2001,5.52
Luxembourg,LUX,2002,5.02
Luxembourg,LUX,2003,5.14
Luxembourg,LUX,2004,6.25
Luxembourg,LUX,2005,5.5
Luxembourg,LUX,2006,6.69
Luxembourg,LUX,2007,5.66
Luxembourg,LUX,2008,6.21
Luxembourg,LUX,2009,6.12
Luxembourg,LUX,2010,5.21
Luxembourg,LUX,2011,5
Luxembourg,LUX,2012,5.74
Luxembourg,LUX,2013,5.36
Luxembourg,LUX,2014,6.34
Luxembourg,LUX,2015,5.81
Luxembourg,LUX,2016,6.22
Luxembourg,LUX,2017,6.19
Luxembourg,LUX,2018,5.6
Luxembourg,LUX,2019,4.77
Luxembourg,LUX,2020,6.71
Luxembourg,LUX,2021,9.83
Luxembourg,LUX,2022,9.97
Macao,MAC,2009,7.19
Macao,MAC,2010,6.19
Macao,MAC,2011,6.3
Macao,MAC,2012,5.76
Macao,MAC,2013,5.27
Macao,MAC,2014,5
Macao,MAC,2015,5.31
Macao,MAC,2016,4.96
Madagascar,MDG,2012,3.79
Malawi,MWI,2005,17.24
Malawi,MWI,2011,18.07
Malawi,MWI,2013,19.46
Malawi,MWI,2017,20.95
Malawi,MWI,2020,19.41
Malaysia,MYS,2000,18.83
Malaysia,MYS,2011,14.37
Malaysia,MYS,2012,13.95
Malaysia,MYS,2013,13.65
Malaysia,MYS,2014,12.77
Malaysia,MYS,2016,11.69
Malaysia,MYS,2017,11.8
Malaysia,MYS,2018,12.47
Malaysia,MYS,2019,11.41
Malaysia,MYS,2020,13.63
Malaysia,MYS,2021,9.25
Malaysia,MYS,2022,10.22
Maldives,MDV,2009,32.54
Maldives,MDV,2014,21.84
Maldives,MDV,2016,23.79
Maldives,MDV,2019,26.27
Mali,MLI,2010,13.47
Mali,MLI,2013,18.22
Mali,MLI,2014,21.31
Mali,MLI,2015,24.94
Mali,MLI,2016,33.98
Mali,MLI,2017,28.56
Mali,MLI,2018,26.72
Mali,MLI,2020,30.86
Malta,MLT,2004,12.22
Malta,MLT,2005,11.9
Malta,MLT,2006,10.34
Malta,MLT,2007,11.54
Malta,MLT,2008,8.27
Malta,MLT,2009,9.88
Malta,MLT,2010,9.53
Malta,MLT,2011,10.18
Malta,MLT,2012,10.82
Malta,MLT,2013,9.91
Malta,MLT,2014,10.27
Malta,MLT,2015,10.54
Malta,MLT,2016,8.76
Malta,MLT,2017,8.59
Malta,MLT,2018,7.28
Malta,MLT,2019,8.56
Malta,MLT,2020,9.3
Malta,MLT,2021,10.22
Malta,MLT,2022,6.21
Marshall Islands,MHL,2019,42.94
Marshall Islands,MHL,2021,39.97
Mauritania,MRT,2012,39.7
Mauritania,MRT,2017,35.53
Mauritania,MRT,2019,44.08
Mauritius,MUS,2001,33.84
Mauritius,MUS,2002,30.22
Mauritius,MUS,2003,27.36
Mauritius,MUS,2004,27.99
Mauritius,MUS,2005,28.48
Mauritius,MUS,2006,22.23
Mauritius,MUS,2007,20.61
Mauritius,MUS,2008,21.34
Mauritius,MUS,2009,21.83
Mauritius,MUS,2010,21.52
Mauritius,MUS,2011,21.54
Mauritius,MUS,2012,21.61
Mauritius,MUS,2013,21.17
Mauritius,MUS,2014,20.86
Mauritius,MUS,2015,20.09
Mauritius,MUS,2016,20.32
Mauritius,MUS,2017,19.94
Mauritius,MUS,2018,20.46
Mauritius,MUS,2019,18.08
Mauritius,MUS,2021,31.21
Mauritius,MUS,2022,20.74
Mexico,MEX,2005,21.46
Mexico,MEX,2006,21.3
Mexico,MEX,2007,21.09
Mexico,MEX,2008,21.91
Mexico,MEX,2009,22.14
Mexico,MEX,2010,22.18
Mexico,MEX,2011,21.77
Mexico,MEX,2012,21.1
Mexico,MEX,2013,20.44
Mexico,MEX,2014,20.25
Mexico,MEX,2015,19.72
Mexico,MEX,2016,19.5
Mexico,MEX,2017,18.7
Mexico,MEX,2018,18.41
Mexico,MEX,2019,18.3
Mexico,MEX,2020,20.38
Mexico,MEX,2021,18.35
Mexico,MEX,2022,17.32
Micronesia (country),FSM,2014,28.67
Moldova,MDA,2000,24.85
Moldova,MDA,2001,24.77
Moldova,MDA,2002,25.57
Moldova,MDA,2003,25.14
Moldova,MDA,2004,26.59
Moldova,MDA,2005,26.44
Moldova,MDA,2006,23.6
Moldova,MDA,2007,22.85
Moldova,MDA,2008,20.54
Moldova,MDA,2009,21.23
Moldova,MDA,2010,19.45
Moldova,MDA,2011,19.72
Moldova,MDA,2012,19.28
Moldova,MDA,2013,18.63
Moldova,MDA,2014,16.85
Moldova,MDA,2015,15.77
Moldova,MDA,2016,16.27
Moldova,MDA,2017,16.92
Moldova,MDA,2018,17.83
Moldova,MDA,2019,17.48
Moldova,MDA,2020,15.59
Moldova,MDA,2021,13.55
Moldova,MDA,2022,14.96
Mongolia,MNG,2003,19.84
Mongolia,MNG,2006,18.51
Mongolia,MNG,2008,17.84
Mongolia,MNG,2009,18.7
Mongolia,MNG,2010,17.63
Mongolia,MNG,2011,16.54
Mongolia,MNG,2012,17.59
Mongolia,MNG,2013,18.39
Mongolia,MNG,2014,17.45
Mongolia,MNG,2015,16.81
Mongolia,MNG,2016,20.45
Mongolia,MNG,2017,19.82
Mongolia,MNG,2018,18.88
Mongolia,MNG,2019,18.45
Mongolia,MNG,2020,18.5
Mongolia,MNG,2021,17.18
Mongolia,MNG,2022,14.81
Montenegro,MNE,2011,16.32
Montenegro,MNE,2012,16.94
Montenegro,MNE,2013,17.87
Montenegro,MNE,2014,17.72
Montenegro,MNE,2015,19.15
Montenegro,MNE,2016,18.4
Montenegro,MNE,2017,16.69
Montenegro,MNE,2018,16.3
Montenegro,MNE,2019,17.34
Montenegro,MNE,2020,21.09
Morocco,MAR,2014,35.27
Myanmar,MMR,2015,18.62
Myanmar,MMR,2017,16.59
Myanmar,MMR,2018,12.79
Myanmar,MMR,2019,13.78
Myanmar,MMR,2020,15.02
Namibia,NAM,2010,34.12
Namibia,NAM,2012,31.15
Namibia,NAM,2013,32.01
Namibia,NAM,2014,30.47
Namibia,NAM,2016,33.55
Namibia,NAM,2018,31.88
Nauru,NRU,2013,36.4
Nauru,NRU,2021,40.99
Nepal,NPL,2008,23.13
Nepal,NPL,2017,34.76
Netherlands,NLD,2000,4.23
Netherlands,NLD,2001,4.01
Netherlands,NLD,2002,3.86
Netherlands,NLD,2003,4.78
Netherlands,NLD,2004,4.86
Netherlands,NLD,2005,6.43
Netherlands,NLD,2006,5.12
Netherlands,NLD,2007,4.58
Netherlands,NLD,2008,4.59
Netherlands,NLD,2009,4.86
Netherlands,NLD,2010,4.69
Netherlands,NLD,2011,4.2
Netherlands,NLD,2012,5.04
Netherlands,NLD,2013,5.97
Netherlands,NLD,2014,5.83
Netherlands,NLD,2015,4.22
Netherlands,NLD,2016,4.59
Netherlands,NLD,2017,4.18
Netherlands,NLD,2018,4.03
Netherlands,NLD,2019,4.26
Netherlands,NLD,2020,4.67
Netherlands,NLD,2021,3.08
Netherlands,NLD,2022,3.26
New Caledonia,NCL,2014,11.84
New Caledonia,NCL,2017,39.24
New Caledonia,NCL,2018,32.43
New Caledonia,NCL,2019,27.91
New Caledonia,NCL,2020,33.02
New Zealand,NZL,2004,10.79
New Zealand,NZL,2005,11.12
New Zealand,NZL,2006,10.73
New Zealand,NZL,2007,10.98
New Zealand,NZL,2008,11.24
New Zealand,NZL,2009,14.25
New Zealand,NZL,2010,13.65
New Zealand,NZL,2011,13.46
New Zealand,NZL,2012,13.78
New Zealand,NZL,2013,12.22
New Zealand,NZL,2014,11.65
New Zealand,NZL,2015,11.54
New Zealand,NZL,2016,12.18
New Zealand,NZL,2017,11.92
New Zealand,NZL,2018,12.05
New Zealand,NZL,2019,11.62
New Zealand,NZL,2020,12.94
New Zealand,NZL,2021,11.84
New Zealand,NZL,2022,11.56
Nicaragua,NIC,2001,26.08
Nicaragua,NIC,2005,22.82
Nicaragua,NIC,2012,15.02
Nicaragua,NIC,2014,24.49
Niger,NER,2017,68.66
Nigeria,NGA,2011,29.09
Nigeria,NGA,2013,27.85
Nigeria,NGA,2016,27.06
Nigeria,NGA,2019,36.65
Nigeria,NGA,2022,13.89
Niue,NIU,2017,17.78
Niue,NIU,2022,10.82
North Macedonia,MKD,2006,34.48
North Macedonia,MKD,2007,33.65
North Macedonia,MKD,2008,31.24
North Macedonia,MKD,2009,27.94
North Macedonia,MKD,2010,26.42
North Macedonia,MKD,2011,25.32
North Macedonia,MKD,2012,25.23
North Macedonia,MKD,2013,24.64
North Macedonia,MKD,2014,25.69
North Macedonia,MKD,2015,24.93
North Macedonia,MKD,2016,24.98
North Macedonia,MKD,2017,25.61
North Macedonia,MKD,2018,25.08
North Macedonia,MKD,2019,18.81
North Macedonia,MKD,2020,19.81
North Macedonia,MKD,2021,18.36
North Macedonia,MKD,2022,18.45
Northern Africa (UN),,2005,30.86
Northern Africa (UN),,2006,30.4
Northern Africa (UN),,2007,29.88
Northern Africa (UN),,2008,29.51
Northern Africa (UN),,2009,29.06
Northern Africa (UN),,2010,30.29
Northern Africa (UN),,2011,30.48
Northern Africa (UN),,2012,29.56
Northern Africa (UN),,2013,27.95
Northern Africa (UN),,2014,27.31
Northern Africa (UN),,2015,27.49
Northern Africa (UN),,2016,27.33
Northern Africa (UN),,2017,27.05
Northern Africa (UN),,2018,26.99
Northern Africa (UN),,2019,27.31
Northern Africa (UN),,2020,29.02
Northern Africa (UN),,2021,27.87
Northern Africa (UN),,2022,27.37
Northern Africa (UN),,2023,27.49
Northern Africa and Western Asia (UN SDG),,2005,32.95
Northern Africa and Western Asia (UN SDG),,2006,32.04
Northern Africa and Western Asia (UN SDG),,2007,31.79
Northern Africa and Western Asia (UN SDG),,2008,31.19
Northern Africa and Western Asia (UN SDG),,2009,30.52
Northern Africa and Western Asia (UN SDG),,2010,30.65
Northern Africa and Western Asia (UN SDG),,2011,30.22
Northern Africa and Western Asia (UN SDG),,2012,29.66
Northern Africa and Western Asia (UN SDG),,2013,28.57
Northern Africa and Western Asia (UN SDG),,2014,28.07
Northern Africa and Western Asia (UN SDG),,2015,28.06
Northern Africa and Western Asia (UN SDG),,2016,27.93
Northern Africa and Western Asia (UN SDG),,2017,27.95
Northern Africa and Western Asia (UN SDG),,2018,27.9
Northern Africa and Western Asia (UN SDG),,2019,28.27
Northern Africa and Western Asia (UN SDG),,2020,30.17
Northern Africa and Western Asia (UN SDG),,2021,28.86
Northern Africa and Western Asia (UN SDG),,2022,28.41
Northern Africa and Western Asia (UN SDG),,2023,28.49
Northern America (UN),,2005,13.12
Northern America (UN),,2006,12.44
Northern America (UN),,2007,12.26
Northern America (UN),,2008,12.97
Northern America (UN),,2009,14.93
Northern America (UN),,2010,15.09
Northern America (UN),,2011,14.3
Northern America (UN),,2012,13.85
Northern America (UN),,2013,14.24
Northern America (UN),,2014,13.4
Northern America (UN),,2015,12.52
Northern America (UN),,2016,12.1
Northern America (UN),,2017,11.07
Northern America (UN),,2018,11.04
Northern America (UN),,2019,10.56
Northern America (UN),,2020,14.26
Northern America (UN),,2021,12.26
Northern America (UN),,2022,11.27
Northern America (UN),,2023,10.67
Norway,NOR,2000,41.33
Norway,NOR,2001,41.93
Norway,NOR,2002,43.02
Norway,NOR,2003,10.77
Norway,NOR,2004,9.88
Norway,NOR,2005,12.08
Norway,NOR,2006,5.41
Norway,NOR,2007,4.9
Norway,NOR,2008,4.46
Norway,NOR,2009,5.4
Norway,NOR,2010,5.81
Norway,NOR,2011,5.56
Norway,NOR,2012,6.23
Norway,NOR,2013,6.15
Norway,NOR,2014,6.43
Norway,NOR,2015,6.24
Norway,NOR,2016,6.43
Norway,NOR,2017,5.91
Norway,NOR,2018,5.57
Norway,NOR,2019,5.44
Norway,NOR,2020,6.15
Norway,NOR,2021,6.69
Norway,NOR,2022,6.23
Oceania (UN SDG),,2005,17.74
Oceania (UN SDG),,2006,17.64
Oceania (UN SDG),,2007,17.59
Oceania (UN SDG),,2008,17.61
Oceania (UN SDG),,2009,18.88
Oceania (UN SDG),,2010,18.93
Oceania (UN SDG),,2011,18.7
Oceania (UN SDG),,2012,18.45
Oceania (UN SDG),,2013,18.94
Oceania (UN SDG),,2014,18.41
Oceania (UN SDG),,2015,18.31
Oceania (UN SDG),,2016,17.85
Oceania (UN SDG),,2017,18
Oceania (UN SDG),,2018,18.44
Oceania (UN SDG),,2019,18.03
Oceania (UN SDG),,2020,19.38
Oceania (UN SDG),,2021,18.8
Oceania (UN SDG),,2022,18.34
Oceania (UN SDG),,2023,18.51
Pakistan,PAK,2005,40.64
Pakistan,PAK,2006,36.17
Pakistan,PAK,2007,34.97
Pakistan,PAK,2008,33.33
Pakistan,PAK,2009,31.47
Pakistan,PAK,2010,31.1
Pakistan,PAK,2011,32
Pakistan,PAK,2012,37.87
Pakistan,PAK,2013,31.01
Pakistan,PAK,2014,30.91
Pakistan,PAK,2015,30.41
Pakistan,PAK,2016,38.02
Pakistan,PAK,2018,30.96
Pakistan,PAK,2019,29.71
Pakistan,PAK,2021,34.56
Palau,PLW,2000,27.23
Palau,PLW,2014,13.26
Palau,PLW,2020,18.04
Palestine,PSE,2000,31.86
Palestine,PSE,2001,35.6
Palestine,PSE,2002,34.58
Palestine,PSE,2003,30.44
Palestine,PSE,2004,29.88
Palestine,PSE,2005,28.95
Palestine,PSE,2006,28.21
Palestine,PSE,2007,28.14
Palestine,PSE,2008,28.8
Palestine,PSE,2009,27.98
Palestine,PSE,2010,28.08
Palestine,PSE,2011,27.13
Palestine,PSE,2012,29.39
Palestine,PSE,2013,31.17
Palestine,PSE,2014,32.47
Palestine,PSE,2015,31.61
Palestine,PSE,2016,32.28
Palestine,PSE,2017,33.04
Palestine,PSE,2018,33.18
Palestine,PSE,2019,32.65
Palestine,PSE,2020,33.65
Palestine,PSE,2021,31.18
Palestine,PSE,2022,28.18
Panama,PAN,2003,23.53
Panama,PAN,2006,22.18
Panama,PAN,2007,19.77
Panama,PAN,2008,22.04
Panama,PAN,2009,20.08
Panama,PAN,2010,20.89
Panama,PAN,2011,21.03
Panama,PAN,2012,17.59
Panama,PAN,2013,16.98
Panama,PAN,2014,18.76
Panama,PAN,2015,18.45
Panama,PAN,2016,17.09
Panama,PAN,2017,17.2
Panama,PAN,2018,16.38
Panama,PAN,2019,16.68
Panama,PAN,2020,18.74
Panama,PAN,2021,19.3
Panama,PAN,2022,17.56
Panama,PAN,2023,15.14
Papua New Guinea,PNG,2010,35.5
Papua New Guinea,PNG,2022,27.69
Paraguay,PRY,2001,21.45
Paraguay,PRY,2002,25.03
Paraguay,PRY,2003,21.85
Paraguay,PRY,2004,20.57
Paraguay,PRY,2005,18.88
Paraguay,PRY,2006,19.19
Paraguay,PRY,2007,19.56
Paraguay,PRY,2008,17.55
Paraguay,PRY,2009,18.01
Paraguay,PRY,2010,19.5
Paraguay,PRY,2011,16.91
Paraguay,PRY,2012,16.02
Paraguay,PRY,2013,14.58
Paraguay,PRY,2014,16.83
Paraguay,PRY,2015,17.45
Paraguay,PRY,2016,18.57
Paraguay,PRY,2017,18.59
Peru,PER,2000,19.88
Peru,PER,2001,20.07
Peru,PER,2002,13.73
Peru,PER,2003,20.32
Peru,PER,2004,19.67
Peru,PER,2005,23.99
Peru,PER,2006,18.74
Peru,PER,2007,16.99
Peru,PER,2008,16.64
Peru,PER,2009,16.08
Peru,PER,2010,15.19
Peru,PER,2011,15.83
Peru,PER,2012,15.24
Peru,PER,2013,16.33
Peru,PER,2014,16.65
Peru,PER,2015,18.59
Peru,PER,2016,19.2
Peru,PER,2017,17.35
Peru,PER,2018,17.75
Peru,PER,2019,16.87
Peru,PER,2020,25.68
Peru,PER,2021,22.7
Peru,PER,2022,22.78
Philippines,PHL,2006,24.68
Philippines,PHL,2007,25.03
Philippines,PHL,2008,24.75
Philippines,PHL,2009,24.81
Philippines,PHL,2010,25.32
Philippines,PHL,2011,24.42
Philippines,PHL,2012,24.83
Philippines,PHL,2013,24.3
Philippines,PHL,2014,23.35
Philippines,PHL,2015,22.84
Philippines,PHL,2016,22.2
Philippines,PHL,2017,21.7
Philippines,PHL,2018,19.89
Philippines,PHL,2019,18.76
Philippines,PHL,2020,21.05
Philippines,PHL,2021,17.47
Philippines,PHL,2022,12.76
Poland,POL,2000,75.86
Poland,POL,2001,17.95
Poland,POL,2002,18.12
Poland,POL,2003,17.57
Poland,POL,2004,14.48
Poland,POL,2005,13.91
Poland,POL,2006,12.61
Poland,POL,2007,10.59
Poland,POL,2008,9.04
Poland,POL,2009,10.11
Poland,POL,2010,10.77
Poland,POL,2011,11.5
Poland,POL,2012,11.82
Poland,POL,2013,12.21
Poland,POL,2014,11.98
Poland,POL,2015,10.99
Poland,POL,2016,10.52
Poland,POL,2017,9.48
Poland,POL,2018,8.66
Poland,POL,2019,8.13
Poland,POL,2020,8.63
Poland,POL,2021,11.2
Poland,POL,2022,8.02
Portugal,PRT,2000,8.62
Portugal,PRT,2001,8.74
Portugal,PRT,2002,9.76
Portugal,PRT,2003,10.29
Portugal,PRT,2004,10.25
Portugal,PRT,2005,11.09
Portugal,PRT,2006,10.61
Portugal,PRT,2007,11.16
Portugal,PRT,2008,10.23
Portugal,PRT,2009,11.21
Portugal,PRT,2010,11.44
Portugal,PRT,2011,12.55
Portugal,PRT,2012,13.91
Portugal,PRT,2013,14.07
Portugal,PRT,2014,12.28
Portugal,PRT,2015,11.27
Portugal,PRT,2016,10.55
Portugal,PRT,2017,9.34
Portugal,PRT,2018,8.37
Portugal,PRT,2019,8.02
Portugal,PRT,2020,9.14
Portugal,PRT,2021,7.74
Portugal,PRT,2022,7.83
Reunion,REU,2012,28.59
Romania,ROU,2000,17.47
Romania,ROU,2001,16.6
Romania,ROU,2002,21.27
Romania,ROU,2003,19.33
Romania,ROU,2004,21.37
Romania,ROU,2005,20.81
Romania,ROU,2006,19.89
Romania,ROU,2007,19.33
Romania,ROU,2008,18.56
Romania,ROU,2009,19.59
Romania,ROU,2010,16.6
Romania,ROU,2011,17.47
Romania,ROU,2012,16.81
Romania,ROU,2013,16.96
Romania,ROU,2014,17.01
Romania,ROU,2015,18.08
Romania,ROU,2016,17.38
Romania,ROU,2017,15.15
Romania,ROU,2018,14.52
Romania,ROU,2019,14.66
Romania,ROU,2020,14.75
Romania,ROU,2021,18.02
Romania,ROU,2022,17.52
Russia,RUS,2009,14.08
Russia,RUS,2010,14.21
Russia,RUS,2011,12.69
Russia,RUS,2012,11.99
Russia,RUS,2013,11.82
Russia,RUS,2014,12.03
Russia,RUS,2015,12.03
Russia,RUS,2016,12.41
Rwanda,RWA,2017,25.59
Rwanda,RWA,2018,26.3
Rwanda,RWA,2019,28.55
Rwanda,RWA,2020,26.14
Rwanda,RWA,2021,29.05
Rwanda,RWA,2022,28.58
Saint Lucia,LCA,2017,34.27
Saint Lucia,LCA,2018,32.61
Saint Lucia,LCA,2019,30.3
Saint Lucia,LCA,2020,43.61
Saint Lucia,LCA,2021,40.84
Saint Lucia,LCA,2022,27.38
Samoa,WSM,2012,39.06
Samoa,WSM,2017,28.74
Saudi Arabia,SAU,2019,15.6
Saudi Arabia,SAU,2021,19.22
Saudi Arabia,SAU,2022,18.37
Senegal,SEN,2011,29.9
Senegal,SEN,2015,36.26
Senegal,SEN,2016,29.52
Senegal,SEN,2017,35.52
Senegal,SEN,2018,39.69
Senegal,SEN,2019,33.9
Serbia,SRB,2007,18.75
Serbia,SRB,2008,20.32
Serbia,SRB,2009,21.61
Serbia,SRB,2010,21.2
Serbia,SRB,2011,21.6
Serbia,SRB,2012,21.65
Serbia,SRB,2013,19.79
Serbia,SRB,2014,21
Serbia,SRB,2015,20.36
Serbia,SRB,2016,18.08
Serbia,SRB,2017,17.58
Serbia,SRB,2018,16.98
Serbia,SRB,2019,15.66
Serbia,SRB,2020,16.18
Serbia,SRB,2021,16.05
Serbia,SRB,2022,12.9
Seychelles,SYC,2019,21.82
Seychelles,SYC,2020,26.01
Sierra Leone,SLE,2003,21.13
Sierra Leone,SLE,2014,32.31
Sierra Leone,SLE,2018,33.17
Singapore,SGP,2013,3.7
Singapore,SGP,2014,3.6
Singapore,SGP,2015,3.6
Singapore,SGP,2016,4.1
Singapore,SGP,2017,4.5
Singapore,SGP,2018,4.3
Singapore,SGP,2019,4.13
Singapore,SGP,2020,4.46
Singapore,SGP,2021,7.54
Singapore,SGP,2022,6.62
Slovakia,SVK,2002,23.52
Slovakia,SVK,2003,19.97
Slovakia,SVK,2004,19.45
Slovakia,SVK,2005,16.86
Slovakia,SVK,2006,13.92
Slovakia,SVK,2007,11.63
Slovakia,SVK,2008,11.43
Slovakia,SVK,2009,12.96
Slovakia,SVK,2010,14.57
Slovakia,SVK,2011,14.31
Slovakia,SVK,2012,14.37
Slovakia,SVK,2013,14.26
Slovakia,SVK,2014,14.07
Slovakia,SVK,2015,13.97
Slovakia,SVK,2016,12.69
Slovakia,SVK,2017,12.33
Slovakia,SVK,2018,10.4
Slovakia,SVK,2019,10.48
Slovakia,SVK,2020,10.75
Slovakia,SVK,2021,11.08
Slovakia,SVK,2022,9.99
Slovenia,SVN,2000,9.83
Slovenia,SVN,2001,9.83
Slovenia,SVN,2002,8.06
Slovenia,SVN,2003,7.26
Slovenia,SVN,2004,6.89
Slovenia,SVN,2005,8.93
Slovenia,SVN,2006,8.52
Slovenia,SVN,2007,6.7
Slovenia,SVN,2008,6.5
Slovenia,SVN,2009,7.46
Slovenia,SVN,2010,7.11
Slovenia,SVN,2011,7.08
Slovenia,SVN,2012,9.28
Slovenia,SVN,2013,9.24
Slovenia,SVN,2014,9.42
Slovenia,SVN,2015,9.51
Slovenia,SVN,2016,8.03
Slovenia,SVN,2017,6.52
Slovenia,SVN,2018,6.62
Slovenia,SVN,2019,7.03
Slovenia,SVN,2020,7.68
Slovenia,SVN,2021,6.6
Slovenia,SVN,2022,8.23
Small Island Developing States (SIDS),,2005,22.99
Small Island Developing States (SIDS),,2006,22.65
Small Island Developing States (SIDS),,2007,22.66
Small Island Developing States (SIDS),,2008,22.46
Small Island Developing States (SIDS),,2009,22.89
Small Island Developing States (SIDS),,2010,22.99
Small Island Developing States (SIDS),,2011,23.2
Small Island Developing States (SIDS),,2012,23.35
Small Island Developing States (SIDS),,2013,23.52
Small Island Developing States (SIDS),,2014,23.14
Small Island Developing States (SIDS),,2015,22.93
Small Island Developing States (SIDS),,2016,22.94
Small Island Developing States (SIDS),,2017,22.65
Small Island Developing States (SIDS),,2018,22.57
Small Island Developing States (SIDS),,2019,22.47
Small Island Developing States (SIDS),,2020,26.26
Small Island Developing States (SIDS),,2021,24.07
Small Island Developing States (SIDS),,2022,23.54
Small Island Developing States (SIDS),,2023,23.44
Solomon Islands,SLB,2013,7.04
Somalia,SOM,2019,43.73
South Africa,ZAF,2000,31.79
South Africa,ZAF,2001,34.65
South Africa,ZAF,2002,35.69
South Africa,ZAF,2003,36.58
South Africa,ZAF,2004,35.39
South Africa,ZAF,2005,34.42
South Africa,ZAF,2006,33.38
South Africa,ZAF,2007,32.63
South Africa,ZAF,2013,30.34
South Africa,ZAF,2014,29.93
South Africa,ZAF,2015,28.97
South Africa,ZAF,2016,29.31
South Africa,ZAF,2017,28.88
South Africa,ZAF,2018,29.6
South Africa,ZAF,2019,30.57
South Africa,ZAF,2020,29.88
South Africa,ZAF,2021,30.6
South Africa,ZAF,2022,32.92
South Korea,KOR,2000,11.59
South Korea,KOR,2001,11.74
South Korea,KOR,2002,10.76
Spain,ESP,2000,11.11
Spain,ESP,2001,10.87
Spain,ESP,2002,11.48
Spain,ESP,2003,11.69
Spain,ESP,2004,11.77
Spain,ESP,2005,12.96
Spain,ESP,2006,11.12
Spain,ESP,2007,10.85
Spain,ESP,2008,13.24
Spain,ESP,2009,17.4
Spain,ESP,2010,17.13
Spain,ESP,2011,17.58
Spain,ESP,2012,16.84
Spain,ESP,2013,17.9
Spain,ESP,2014,15.75
Spain,ESP,2015,14.6
Spain,ESP,2016,13.79
Spain,ESP,2017,12.15
Spain,ESP,2018,11.84
Spain,ESP,2019,11.58
Spain,ESP,2020,13.68
Spain,ESP,2021,11.48
Spain,ESP,2022,9.05
Sri Lanka,LKA,2010,26.68
Sri Lanka,LKA,2011,26.52
Sri Lanka,LKA,2013,28.13
Sri Lanka,LKA,2014,29.56
Sri Lanka,LKA,2015,26.63
Sri Lanka,LKA,2016,27.09
Sri Lanka,LKA,2017,24.72
Sri Lanka,LKA,2018,24.18
Sri Lanka,LKA,2019,21.21
Sri Lanka,LKA,2020,21.51
Sub-Saharan Africa (UN SDG),,2005,23.08
Sub-Saharan Africa (UN SDG),,2006,22.88
Sub-Saharan Africa (UN SDG),,2007,22.63
Sub-Saharan Africa (UN SDG),,2008,22.42
Sub-Saharan Africa (UN SDG),,2009,22.37
Sub-Saharan Africa (UN SDG),,2010,22.42
Sub-Saharan Africa (UN SDG),,2011,22.3
Sub-Saharan Africa (UN SDG),,2012,22.31
Sub-Saharan Africa (UN SDG),,2013,22.29
Sub-Saharan Africa (UN SDG),,2014,22.66
Sub-Saharan Africa (UN SDG),,2015,22.98
Sub-Saharan Africa (UN SDG),,2016,23.48
Sub-Saharan Africa (UN SDG),,2017,24.23
Sub-Saharan Africa (UN SDG),,2018,24.95
Sub-Saharan Africa (UN SDG),,2019,25.76
Sub-Saharan Africa (UN SDG),,2020,26.7
Sub-Saharan Africa (UN SDG),,2021,26.08
Sub-Saharan Africa (UN SDG),,2022,25.95
Sub-Saharan Africa (UN SDG),,2023,25.85
Sudan,SDN,2011,33.09
Sudan,SDN,2022,46.53
Suriname,SUR,2016,18.19
Sweden,SWE,2000,19.08
Sweden,SWE,2001,10.42
Sweden,SWE,2002,10.21
Sweden,SWE,2003,9.85
Sweden,SWE,2004,10.27
Sweden,SWE,2005,14.54
Sweden,SWE,2006,9.35
Sweden,SWE,2007,7.54
Sweden,SWE,2008,7.87
Sweden,SWE,2009,9.64
Sweden,SWE,2010,7.79
Sweden,SWE,2011,7.64
Sweden,SWE,2012,7.9
Sweden,SWE,2013,7.52
Sweden,SWE,2014,7.25
Sweden,SWE,2015,6.81
Sweden,SWE,2016,6.59
Sweden,SWE,2017,6.27
Sweden,SWE,2018,6.17
Sweden,SWE,2019,5.53
Sweden,SWE,2020,6.52
Sweden,SWE,2021,5.07
Sweden,SWE,2022,4.96
Switzerland,CHE,2000,5.76
Switzerland,CHE,2001,6.24
Switzerland,CHE,2002,6.7
Switzerland,CHE,2003,8.63
Switzerland,CHE,2004,7.98
Switzerland,CHE,2005,8.67
Switzerland,CHE,2006,8.57
Switzerland,CHE,2007,7.86
Switzerland,CHE,2008,8.03
Switzerland,CHE,2009,8.44
Switzerland,CHE,2010,8.45
Switzerland,CHE,2011,7.91
Switzerland,CHE,2012,8.8
Switzerland,CHE,2013,9.58
Switzerland,CHE,2014,9.11
Switzerland,CHE,2015,9.35
Switzerland,CHE,2016,8.67
Switzerland,CHE,2017,8.13
Switzerland,CHE,2018,7.93
Switzerland,CHE,2019,7.71
Switzerland,CHE,2020,8.62
Switzerland,CHE,2021,9.89
Switzerland,CHE,2022,9.71
Tajikistan,TJK,2003,31.91
Tajikistan,TJK,2007,38.32
Tajikistan,TJK,2009,42.2
Tanzania,TZA,2001,12.15
Tanzania,TZA,2005,9.01
Tanzania,TZA,2006,9.01
Tanzania,TZA,2008,7.24
Tanzania,TZA,2010,12.24
Tanzania,TZA,2014,14.93
Tanzania,TZA,2020,14.35
Thailand,THA,2000,10.44
Thailand,THA,2007,10.15
Thailand,THA,2009,13.71
Thailand,THA,2010,12.52
Thailand,THA,2011,12.55
Thailand,THA,2012,12.85
Thailand,THA,2013,14.37
Thailand,THA,2014,13.32
Thailand,THA,2015,13.59
Thailand,THA,2016,14.97
Thailand,THA,2017,15.59
Thailand,THA,2018,14.78
Thailand,THA,2019,14.88
Thailand,THA,2020,15.13
Thailand,THA,2021,14.75
Thailand,THA,2022,13.35
Togo,TGO,2006,9.81
Togo,TGO,2011,11.23
Togo,TGO,2015,17.76
Togo,TGO,2017,25.08
Togo,TGO,2019,11.51
Tokelau,TKL,2016,9.1
Tokelau,TKL,2022,77.43
Tonga,TON,2018,27.92
Tonga,TON,2021,18.68
Trinidad and Tobago,TTO,2013,52.05
Trinidad and Tobago,TTO,2019,14.61
Trinidad and Tobago,TTO,2020,17.06
Trinidad and Tobago,TTO,2021,15.46
Trinidad and Tobago,TTO,2022,16.88
Tunisia,TUN,2010,25.23
Tunisia,TUN,2014,31.5
Tunisia,TUN,2019,26.79
Turkey,TUR,2000,39.65
Turkey,TUR,2001,40.43
Turkey,TUR,2002,41.14
Turkey,TUR,2003,41.4
Turkey,TUR,2004,42.56
Turkey,TUR,2005,42.56
Turkey,TUR,2006,38.55
Turkey,TUR,2007,39.22
Turkey,TUR,2008,37.02
Turkey,TUR,2009,34.94
Turkey,TUR,2010,32.29
Turkey,TUR,2011,29.56
Turkey,TUR,2012,28.72
Turkey,TUR,2013,25.53
Turkey,TUR,2014,24.79
Turkey,TUR,2015,23.89
Turkey,TUR,2016,23.94
Turkey,TUR,2017,24.18
Turkey,TUR,2018,24.41
Turkey,TUR,2019,26.02
Turkey,TUR,2020,28.32
Turkey,TUR,2021,24.75
Turkey,TUR,2022,24.16
Tuvalu,TUV,2016,34.26
Tuvalu,TUV,2017,45.54
Tuvalu,TUV,2022,71.12
Uganda,UGA,2009,6.95
Uganda,UGA,2010,21.08
Uganda,UGA,2011,11.27
Uganda,UGA,2012,14.53
Uganda,UGA,2013,5.91
Uganda,UGA,2014,10.23
Uganda,UGA,2017,19.2
Uganda,UGA,2019,10.68
Uganda,UGA,2021,13.8
Ukraine,UKR,2014,19.98
Ukraine,UKR,2015,17.63
Ukraine,UKR,2016,18.26
Ukraine,UKR,2017,16.47
United Arab Emirates,ARE,2021,10.72
United Arab Emirates,ARE,2022,9.98
United Kingdom,GBR,2000,10.68
United Kingdom,GBR,2001,10.69
United Kingdom,GBR,2002,11.04
United Kingdom,GBR,2003,11.08
United Kingdom,GBR,2004,10.55
United Kingdom,GBR,2005,11.84
United Kingdom,GBR,2006,12.61
United Kingdom,GBR,2007,12.21
United Kingdom,GBR,2008,12.86
United Kingdom,GBR,2009,13.69
United Kingdom,GBR,2010,15.05
United Kingdom,GBR,2011,15.16
United Kingdom,GBR,2012,14.18
United Kingdom,GBR,2013,13.76
United Kingdom,GBR,2014,12.24
United Kingdom,GBR,2015,12.2
United Kingdom,GBR,2016,11.48
United Kingdom,GBR,2017,11.04
United Kingdom,GBR,2018,11.42
United Kingdom,GBR,2019,11.22
United States,USA,2000,12.39
United States,USA,2001,12.94
United States,USA,2002,13.43
United States,USA,2003,13.61
United States,USA,2004,13.14
United States,USA,2005,13.15
United States,USA,2006,12.46
United States,USA,2007,12.29
United States,USA,2008,13.03
United States,USA,2009,15.03
United States,USA,2010,15.23
United States,USA,2011,14.41
United States,USA,2012,13.91
United States,USA,2013,14.38
United States,USA,2014,13.39
United States,USA,2015,12.44
United States,USA,2016,12.02
United States,USA,2017,10.97
United States,USA,2018,10.92
United States,USA,2019,10.41
United States,USA,2020,13.89
United States,USA,2021,12.2
United States,USA,2022,11.24
United States,USA,2023,11.19
Uruguay,URY,2000,22.99
Uruguay,URY,2001,21.09
Uruguay,URY,2002,22.47
Uruguay,URY,2003,22.01
Uruguay,URY,2004,19.66
Uruguay,URY,2005,19.25
Uruguay,URY,2006,20.55
Uruguay,URY,2007,19.66
Uruguay,URY,2008,18.79
Uruguay,URY,2009,17.85
Uruguay,URY,2010,18.12
Uruguay,URY,2011,17.16
Uruguay,URY,2012,17.73
Uruguay,URY,2013,18.04
Uruguay,URY,2014,18.15
Uruguay,URY,2015,18.73
Uruguay,URY,2016,18.68
Uruguay,URY,2017,17.87
Uruguay,URY,2018,17.95
Uruguay,URY,2019,17.58
Uruguay,URY,2021,14.93
Uruguay,URY,2022,14.27
Vanuatu,VUT,2006,24.24
Vanuatu,VUT,2009,26.33
Vanuatu,VUT,2010,31.85
Vanuatu,VUT,2019,34.5
Vanuatu,VUT,2020,47.53
Venezuela,VEN,2005,25.5
Venezuela,VEN,2006,24.45
Venezuela,VEN,2007,23.39
Venezuela,VEN,2008,23.49
Venezuela,VEN,2009,20.85
Venezuela,VEN,2010,18.8
Venezuela,VEN,2011,18.91
Venezuela,VEN,2012,19.63
Venezuela,VEN,2016,20.25
Venezuela,VEN,2017,22.85
Venezuela,VEN,2020,37.13
Vietnam,VNM,2007,10.67
Vietnam,VNM,2009,10.27
Vietnam,VNM,2010,8.24
Vietnam,VNM,2011,8.29
Vietnam,VNM,2012,9.84
Vietnam,VNM,2013,10.58
Vietnam,VNM,2014,10.54
Vietnam,VNM,2015,10.99
Vietnam,VNM,2016,10.92
Vietnam,VNM,2017,11.12
Vietnam,VNM,2018,10.09
Vietnam,VNM,2019,13.24
Vietnam,VNM,2020,14.18
Vietnam,VNM,2021,14.93
Vietnam,VNM,2022,11.32
Wallis and Futuna,WLF,2018,32.44
Wallis and Futuna,WLF,2019,20.09
World,OWID_WRL,2005,24.26
World,OWID_WRL,2006,23.87
World,OWID_WRL,2007,23.4
World,OWID_WRL,2008,22.94
World,OWID_WRL,2009,22.84
World,OWID_WRL,2010,22.35
World,OWID_WRL,2011,21.93
World,OWID_WRL,2012,21.62
World,OWID_WRL,2013,21.65
World,OWID_WRL,2014,21.64
World,OWID_WRL,2015,21.77
World,OWID_WRL,2016,21.91
World,OWID_WRL,2017,22.07
World,OWID_WRL,2018,22.24
World,OWID_WRL,2019,22.37
World,OWID_WRL,2020,23.76
World,OWID_WRL,2021,22.41
World,OWID_WRL,2022,21.72
World,OWID_WRL,2023,21.66
Yemen,YEM,2014,44.77
Zambia,ZMB,2008,12.94
Zambia,ZMB,2015,41.37
Zambia,ZMB,2017,42.83
Zambia,ZMB,2018,32.83
Zambia,ZMB,2019,32.54
Zambia,ZMB,2020,31.05
Zambia,ZMB,2021,31.36
Zambia,ZMB,2022,29.37
Zimbabwe,ZWE,2011,17.26
Zimbabwe,ZWE,2014,16.56
Zimbabwe,ZWE,2019,29.37
Zimbabwe,ZWE,2021,30.43