DATAFLOW,LAST UPDATE,freq,unit,airpol,src_crf,geo,TIME_PERIOD,OBS_VALUE,OBS_FLAG,CONF_STATUS
ESTAT:ENV_AIR_GGE(1.0),08/05/25 23:00:00,Annual,Million tonnes,"Greenhouse gases (CO2, N2O in CO2 equivalent, CH4 in CO2 equivalent, HFC in CO2 equivalent, PFC in CO2 equivalent, SF6 in CO2 equivalent, NF3 in CO2 equivalent)",Total (excluding LULUCF and memo items),Austria,2014,77.21516,,
ESTAT:ENV_AIR_GGE(1.0),08/05/25 23:00:00,Annual,Million tonnes,"Greenhouse gases (CO2, N2O in CO2 equivalent, CH4 in CO2 equivalent, HFC in CO2 equivalent, PFC in CO2 equivalent, SF6 in CO2 equivalent, NF3 in CO2 equivalent)",Total (excluding LULUCF and memo items),Austria,2015,79.35898,,
ESTAT:ENV_AIR_GGE(1.0),08/05/25 23:00:00,Annual,Million tonnes,"Greenhouse gases (CO2, N2O in CO2 equivalent, CH4 in CO2 equivalent, HFC in CO2 equivalent, PFC in CO2 equivalent, SF6 in CO2 equivalent, NF3 in CO2 equivalent)",Total (excluding LULUCF and memo items),Austria,2016,80.3194,,
ESTAT:ENV_AIR_GGE(1.0),08/05/25 23:00:00,Annual,Million tonnes,"Greenhouse gases (CO2, N2O in CO2 equivalent, CH4 in CO2 equivalent, HFC in CO2 equivalent, PFC in CO2 equivalent, SF6 in CO2 equivalent, NF3 in CO2 equivalent)",Total (excluding LULUCF and memo items),Austria,2017,82.63536,,
ESTAT:ENV_AIR_GGE(1.0),08/05/25 23:00:00,Annual,Million tonnes,"Greenhouse gases (CO2, N2O in CO2 equivalent, CH4 in CO2 equivalent, HFC in CO2 equivalent, PFC in CO2 equivalent, SF6 in CO2 equivalent, NF3 in CO2 equivalent)",Total (excluding LULUCF and memo items),Austria,2018,79.44149,,
ESTAT:ENV_AIR_GGE(1.0),08/05/25 23:00:00,Annual,Million tonnes,"Greenhouse gases (CO2, N2O in CO2 equivalent, CH4 in CO2 equivalent, HFC in CO2 equivalent, PFC in CO2 equivalent, SF6 in CO2 equivalent, NF3 in CO2 equivalent)",Total (excluding LULUCF and memo items),Austria,2019,80.64067,,
ESTAT:ENV_AIR_GGE(1.0),08/05/25 23:00:00,Annual,Million tonnes,"Greenhouse gases (CO2, N2O in CO2 equivalent, CH4 in CO2 equivalent, HFC in CO2 equivalent, PFC in CO2 equivalent, SF6 in CO2 equivalent, NF3 in CO2 equivalent)",Total (excluding LULUCF and memo items),Austria,2020,74.67879,,
ESTAT:ENV_AIR_GGE(1.0),08/05/25 23:00:00,Annual,Million tonnes,"Greenhouse gases (CO2, N2O in CO2 equivalent, CH4 in CO2 equivalent, HFC in CO2 equivalent, PFC in CO2 equivalent, SF6 in CO2 equivalent, NF3 in CO2 equivalent)",Total (excluding LULUCF and memo items),Austria,2021,78.07325,,
ESTAT:ENV_AIR_GGE(1.0),08/05/25 23:00:00,Annual,Million tonnes,"Greenhouse gases (CO2, N2O in CO2 equivalent, CH4 in CO2 equivalent, HFC in CO2 equivalent, PFC in CO2 equivalent, SF6 in CO2 equivalent, NF3 in CO2 equivalent)",Total (excluding LULUCF and memo items),Austria,2022,73.51515,,
ESTAT:ENV_AIR_GGE(1.0),08/05/25 23:00:00,Annual,Million tonnes,"Greenhouse gases (CO2, N2O in CO2 equivalent, CH4 in CO2 equivalent, HFC in CO2 equivalent, PFC in CO2 equivalent, SF6 in CO2 equivalent, NF3 in CO2 equivalent)",Total (excluding LULUCF and memo items),Austria,2023,68.69592,,
ESTAT:ENV_AIR_GGE(1.0),08/05/25 23:00:00,Annual,Million tonnes,"Greenhouse gases (CO2, N2O in CO2 equivalent, CH4 in CO2 equivalent, HFC in CO2 equivalent, PFC in CO2 equivalent, SF6 in CO2 equivalent, NF3 in CO2 equivalent)",Total (excluding LULUCF and memo items),Belgium,2014,114.50296,,
ESTAT:ENV_AIR_GGE(1.0),08/05/25 23:00:00,Annual,Million tonnes,"Greenhouse gases (CO2, N2O in CO2 equivalent, CH4 in CO2 equivalent, HFC in CO2 equivalent, PFC in CO2 equivalent, SF6 in CO2 equivalent, NF3 in CO2 equivalent)",Total (excluding LULUCF and memo items),Belgium,2015,118.67012,,
ESTAT:ENV_AIR_GGE(1.0),08/05/25 23:00:00,Annual,Million tonnes,"Greenhouse gases (CO2, N2O in CO2 equivalent, CH4 in CO2 equivalent, HFC in CO2 equivalent, PFC in CO2 equivalent, SF6 in CO2 equivalent, NF3 in CO2 equivalent)",Total (excluding LULUCF and memo items),Belgium,2016,117.22892,,
ESTAT:ENV_AIR_GGE(1.0),08/05/25 23:00:00,Annual,Million tonnes,"Greenhouse gases (CO2, N2O in CO2 equivalent, CH4 in CO2 equivalent, HFC in CO2 equivalent, PFC in CO2 equivalent, SF6 in CO2 equivalent, NF3 in CO2 equivalent)",Total (excluding LULUCF and memo items),Belgium,2017,116.6131,,
ESTAT:ENV_AIR_GGE(1.0),08/05/25 23:00:00,Annual,Million tonnes,"Greenhouse gases (CO2, N2O in CO2 equivalent, CH4 in CO2 equivalent, HFC in CO2 equivalent, PFC in CO2 equivalent, SF6 in CO2 equivalent, NF3 in CO2 equivalent)",Total (excluding LULUCF and memo items),Belgium,2018,117.36547,,
ESTAT:ENV_AIR_GGE(1.0),08/05/25 23:00:00,Annual,Million tonnes,"Greenhouse gases (CO2, N2O in CO2 equivalent, CH4 in CO2 equivalent, HFC in CO2 equivalent, PFC in CO2 equivalent, SF6 in CO2 equivalent, NF3 in CO2 equivalent)",Total (excluding LULUCF and memo items),Belgium,2019,116.32442,,
ESTAT:ENV_AIR_GGE(1.0),08/05/25 23:00:00,Annual,Million tonnes,"Greenhouse gases (CO2, N2O in CO2 equivalent, CH4 in CO2 equivalent, HFC in CO2 equivalent, PFC in CO2 equivalent, SF6 in CO2 equivalent, NF3 in CO2 equivalent)",Total (excluding LULUCF and memo items),Belgium,2020,106.96791,,
ESTAT:ENV_AIR_GGE(1.0),08/05/25 23:00:00,Annual,Million tonnes,"Greenhouse gases (CO2, N2O in CO2 equivalent, CH4 in CO2 equivalent, HFC in CO2 equivalent, PFC in CO2 equivalent, SF6 in CO2 equivalent, NF3 in CO2 equivalent)",Total (excluding LULUCF and memo items),Belgium,2021,109.76429,,
ESTAT:ENV_AIR_GGE(1.0),08/05/25 23:00:00,Annual,Million tonnes,"Greenhouse gases (CO2, N2O in CO2 equivalent, CH4 in CO2 equivalent, HFC in CO2 equivalent, PFC in CO2 equivalent, SF6 in CO2 equivalent, NF3 in CO2 equivalent)",Total (excluding LULUCF and memo items),Belgium,2022,102.97658,,
ESTAT:ENV_AIR_GGE(1.0),08/05/25 23:00:00,Annual,Million tonnes,"Greenhouse gases (CO2, N2O in CO2 equivalent, CH4 in CO2 equivalent, HFC in CO2 equivalent, PFC in CO2 equivalent, SF6 in CO2 equivalent, NF3 in CO2 equivalent)",Total (excluding LULUCF and memo items),Belgium,2023,98.22123,,
ESTAT:ENV_AIR_GGE(1.0),08/05/25 23:00:00,Annual,Million tonnes,"Greenhouse gases (CO2, N2O in CO2 equivalent, CH4 in CO2 equivalent, HFC in CO2 equivalent, PFC in CO2 equivalent, SF6 in CO2 equivalent, NF3 in CO2 equivalent)",Total (excluding LULUCF and memo items),Bulgaria,2014,57.33386,,
ESTAT:ENV_AIR_GGE(1.0),08/05/25 23:00:00,Annual,Million tonnes,"Greenhouse gases (CO2, N2O in CO2 equivalent, CH4 in CO2 equivalent, HFC in CO2 equivalent, PFC in CO2 equivalent, SF6 in CO2 equivalent, NF3 in CO2 equivalent)",Total (excluding LULUCF and memo items),Bulgaria,2015,60.49588,,
ESTAT:ENV_AIR_GGE(1.0),08/05/25 23:00:00,Annual,Million tonnes,"Greenhouse gases (CO2, N2O in CO2 equivalent, CH4 in CO2 equivalent, HFC in CO2 equivalent, PFC in CO2 equivalent, SF6 in CO2 equivalent, NF3 in CO2 equivalent)",Total (excluding LULUCF and memo items),Bulgaria,2016,57.86604,,
ESTAT:ENV_AIR_GGE(1.0),08/05/25 23:00:00,Annual,Million tonnes,"Greenhouse gases (CO2, N2O in CO2 equivalent, CH4 in CO2 equivalent, HFC in CO2 equivalent, PFC in CO2 equivalent, SF6 in CO2 equivalent, NF3 in CO2 equivalent)",Total (excluding LULUCF and memo items),Bulgaria,2017,59.65782,,
ESTAT:ENV_AIR_GGE(1.0),08/05/25 23:00:00,Annual,Million tonnes,"Greenhouse gases (CO2, N2O in CO2 equivalent, CH4 in CO2 equivalent, HFC in CO2 equivalent, PFC in CO2 equivalent, SF6 in CO2 equivalent, NF3 in CO2 equivalent)",Total (excluding LULUCF and memo items),Bulgaria,2018,55.29483,,
ESTAT:ENV_AIR_GGE(1.0),08/05/25 23:00:00,Annual,Million tonnes,"Greenhouse gases (CO2, N2O in CO2 equivalent, CH4 in CO2 equivalent, HFC in CO2 equivalent, PFC in CO2 equivalent, SF6 in CO2 equivalent, NF3 in CO2 equivalent)",Total (excluding LULUCF and memo items),Bulgaria,2019,53.98726,,
ESTAT:ENV_AIR_GGE(1.0),08/05/25 23:00:00,Annual,Million tonnes,"Greenhouse gases (CO2, N2O in CO2 equivalent, CH4 in CO2 equivalent, HFC in CO2 equivalent, PFC in CO2 equivalent, SF6 in CO2 equivalent, NF3 in CO2 equivalent)",Total (excluding LULUCF and memo items),Bulgaria,2020,47.98531,,
ESTAT:ENV_AIR_GGE(1.0),08/05/25 23:00:00,Annual,Million tonnes,"Greenhouse gases (CO2, N2O in CO2 equivalent, CH4 in CO2 equivalent, HFC in CO2 equivalent, PFC in CO2 equivalent, SF6 in CO2 equivalent, NF3 in CO2 equivalent)",Total (excluding LULUCF and memo items),Bulgaria,2021,54.10155,,
ESTAT:ENV_AIR_GGE(1.0),08/05/25 23:00:00,Annual,Million tonnes,"Greenhouse gases (CO2, N2O in CO2 equivalent, CH4 in CO2 equivalent, HFC in CO2 equivalent, PFC in CO2 equivalent, SF6 in CO2 equivalent, NF3 in CO2 equivalent)",Total (excluding LULUCF and memo items),Bulgaria,2022,58.45965,,
ESTAT:ENV_AIR_GGE(1.0),08/05/25 23:00:00,Annual,Million tonnes,"Greenhouse gases (CO2, N2O in CO2 equivalent, CH4 in CO2 equivalent, HFC in CO2 equivalent, PFC in CO2 equivalent, SF6 in CO2 equivalent, NF3 in CO2 equivalent)",Total (excluding LULUCF and memo items),Bulgaria,2023,45.36492,,
ESTAT:ENV_AIR_GGE(1.0),08/05/25 23:00:00,Annual,Million tonnes,"Greenhouse gases (CO2, N2O in CO2 equivalent, CH4 in CO2 equivalent, HFC in CO2 equivalent, PFC in CO2 equivalent, SF6 in CO2 equivalent, NF3 in CO2 equivalent)",Total (excluding LULUCF and memo items),Cyprus,2014,8.2791,,
ESTAT:ENV_AIR_GGE(1.0),08/05/25 23:00:00,Annual,Million tonnes,"Greenhouse gases (CO2, N2O in CO2 equivalent, CH4 in CO2 equivalent, HFC in CO2 equivalent, PFC in CO2 equivalent, SF6 in CO2 equivalent, NF3 in CO2 equivalent)",Total (excluding LULUCF and memo items),Cyprus,2015,8.32588,,
ESTAT:ENV_AIR_GGE(1.0),08/05/25 23:00:00,Annual,Million tonnes,"Greenhouse gases (CO2, N2O in CO2 equivalent, CH4 in CO2 equivalent, HFC in CO2 equivalent, PFC in CO2 equivalent, SF6 in CO2 equivalent, NF3 in CO2 equivalent)",Total (excluding LULUCF and memo items),Cyprus,2016,8.77007,,
ESTAT:ENV_AIR_GGE(1.0),08/05/25 23:00:00,Annual,Million tonnes,"Greenhouse gases (CO2, N2O in CO2 equivalent, CH4 in CO2 equivalent, HFC in CO2 equivalent, PFC in CO2 equivalent, SF6 in CO2 equivalent, NF3 in CO2 equivalent)",Total (excluding LULUCF and memo items),Cyprus,2017,8.93554,,
ESTAT:ENV_AIR_GGE(1.0),08/05/25 23:00:00,Annual,Million tonnes,"Greenhouse gases (CO2, N2O in CO2 equivalent, CH4 in CO2 equivalent, HFC in CO2 equivalent, PFC in CO2 equivalent, SF6 in CO2 equivalent, NF3 in CO2 equivalent)",Total (excluding LULUCF and memo items),Cyprus,2018,8.82581,,
ESTAT:ENV_AIR_GGE(1.0),08/05/25 23:00:00,Annual,Million tonnes,"Greenhouse gases (CO2, N2O in CO2 equivalent, CH4 in CO2 equivalent, HFC in CO2 equivalent, PFC in CO2 equivalent, SF6 in CO2 equivalent, NF3 in CO2 equivalent)",Total (excluding LULUCF and memo items),Cyprus,2019,8.42426,,
ESTAT:ENV_AIR_GGE(1.0),08/05/25 23:00:00,Annual,Million tonnes,"Greenhouse gases (CO2, N2O in CO2 equivalent, CH4 in CO2 equivalent, HFC in CO2 equivalent, PFC in CO2 equivalent, SF6 in CO2 equivalent, NF3 in CO2 equivalent)",Total (excluding LULUCF and memo items),Cyprus,2020,8.06981,,
ESTAT:ENV_AIR_GGE(1.0),08/05/25 23:00:00,Annual,Million tonnes,"Greenhouse gases (CO2, N2O in CO2 equivalent, CH4 in CO2 equivalent, HFC in CO2 equivalent, PFC in CO2 equivalent, SF6 in CO2 equivalent, NF3 in CO2 equivalent)",Total (excluding LULUCF and memo items),Cyprus,2021,8.18503,,
ESTAT:ENV_AIR_GGE(1.0),08/05/25 23:00:00,Annual,Million tonnes,"Greenhouse gases (CO2, N2O in CO2 equivalent, CH4 in CO2 equivalent, HFC in CO2 equivalent, PFC in CO2 equivalent, SF6 in CO2 equivalent, NF3 in CO2 equivalent)",Total (excluding LULUCF and memo items),Cyprus,2022,8.34285,,
ESTAT:ENV_AIR_GGE(1.0),08/05/25 23:00:00,Annual,Million tonnes,"Greenhouse gases (CO2, N2O in CO2 equivalent, CH4 in CO2 equivalent, HFC in CO2 equivalent, PFC in CO2 equivalent, SF6 in CO2 equivalent, NF3 in CO2 equivalent)",Total (excluding LULUCF and memo items),Cyprus,2023,8.5035,,
ESTAT:ENV_AIR_GGE(1.0),08/05/25 23:00:00,Annual,Million tonnes,"Greenhouse gases (CO2, N2O in CO2 equivalent, CH4 in CO2 equivalent, HFC in CO2 equivalent, PFC in CO2 equivalent, SF6 in CO2 equivalent, NF3 in CO2 equivalent)",Total (excluding LULUCF and memo items),Czechia,2014,126.00264,,
ESTAT:ENV_AIR_GGE(1.0),08/05/25 23:00:00,Annual,Million tonnes,"Greenhouse gases (CO2, N2O in CO2 equivalent, CH4 in CO2 equivalent, HFC in CO2 equivalent, PFC in CO2 equivalent, SF6 in CO2 equivalent, NF3 in CO2 equivalent)",Total (excluding LULUCF and memo items),Czechia,2015,126.41542,,
ESTAT:ENV_AIR_GGE(1.0),08/05/25 23:00:00,Annual,Million tonnes,"Greenhouse gases (CO2, N2O in CO2 equivalent, CH4 in CO2 equivalent, HFC in CO2 equivalent, PFC in CO2 equivalent, SF6 in CO2 equivalent, NF3 in CO2 equivalent)",Total (excluding LULUCF and memo items),Czechia,2016,128.43337,,
ESTAT:ENV_AIR_GGE(1.0),08/05/25 23:00:00,Annual,Million tonnes,"Greenhouse gases (CO2, N2O in CO2 equivalent, CH4 in CO2 equivalent, HFC in CO2 equivalent, PFC in CO2 equivalent, SF6 in CO2 equivalent, NF3 in CO2 equivalent)",Total (excluding LULUCF and memo items),Czechia,2017,129.36362,,
ESTAT:ENV_AIR_GGE(1.0),08/05/25 23:00:00,Annual,Million tonnes,"Greenhouse gases (CO2, N2O in CO2 equivalent, CH4 in CO2 equivalent, HFC in CO2 equivalent, PFC in CO2 equivalent, SF6 in CO2 equivalent, NF3 in CO2 equivalent)",Total (excluding LULUCF and memo items),Czechia,2018,126.94927,,
ESTAT:ENV_AIR_GGE(1.0),08/05/25 23:00:00,Annual,Million tonnes,"Greenhouse gases (CO2, N2O in CO2 equivalent, CH4 in CO2 equivalent, HFC in CO2 equivalent, PFC in CO2 equivalent, SF6 in CO2 equivalent, NF3 in CO2 equivalent)",Total (excluding LULUCF and memo items),Czechia,2019,121.5337,,
ESTAT:ENV_AIR_GGE(1.0),08/05/25 23:00:00,Annual,Million tonnes,"Greenhouse gases (CO2, N2O in CO2 equivalent, CH4 in CO2 equivalent, HFC in CO2 equivalent, PFC in CO2 equivalent, SF6 in CO2 equivalent, NF3 in CO2 equivalent)",Total (excluding LULUCF and memo items),Czechia,2020,112.03299,,
ESTAT:ENV_AIR_GGE(1.0),08/05/25 23:00:00,Annual,Million tonnes,"Greenhouse gases (CO2, N2O in CO2 equivalent, CH4 in CO2 equivalent, HFC in CO2 equivalent, PFC in CO2 equivalent, SF6 in CO2 equivalent, NF3 in CO2 equivalent)",Total (excluding LULUCF and memo items),Czechia,2021,117.40203,,
ESTAT:ENV_AIR_GGE(1.0),08/05/25 23:00:00,Annual,Million tonnes,"Greenhouse gases (CO2, N2O in CO2 equivalent, CH4 in CO2 equivalent, HFC in CO2 equivalent, PFC in CO2 equivalent, SF6 in CO2 equivalent, NF3 in CO2 equivalent)",Total (excluding LULUCF and memo items),Czechia,2022,115.00685,,
ESTAT:ENV_AIR_GGE(1.0),08/05/25 23:00:00,Annual,Million tonnes,"Greenhouse gases (CO2, N2O in CO2 equivalent, CH4 in CO2 equivalent, HFC in CO2 equivalent, PFC in CO2 equivalent, SF6 in CO2 equivalent, NF3 in CO2 equivalent)",Total (excluding LULUCF and memo items),Czechia,2023,102.48664,,
ESTAT:ENV_AIR_GGE(1.0),08/05/25 23:00:00,Annual,Million tonnes,"Greenhouse gases (CO2, N2O in CO2 equivalent, CH4 in CO2 equivalent, HFC in CO2 equivalent, PFC in CO2 equivalent, SF6 in CO2 equivalent, NF3 in CO2 equivalent)",Total (excluding LULUCF and memo items),Germany,2014,893.54949,,
ESTAT:ENV_AIR_GGE(1.0),08/05/25 23:00:00,Annual,Million tonnes,"Greenhouse gases (CO2, N2O in CO2 equivalent, CH4 in CO2 equivalent, HFC in CO2 equivalent, PFC in CO2 equivalent, SF6 in CO2 equivalent, NF3 in CO2 equivalent)",Total (excluding LULUCF and memo items),Germany,2015,901.826,,
ESTAT:ENV_AIR_GGE(1.0),08/05/25 23:00:00,Annual,Million tonnes,"Greenhouse gases (CO2, N2O in CO2 equivalent, CH4 in CO2 equivalent, HFC in CO2 equivalent, PFC in CO2 equivalent, SF6 in CO2 equivalent, NF3 in CO2 equivalent)",Total (excluding LULUCF and memo items),Germany,2016,897.28723,,
ESTAT:ENV_AIR_GGE(1.0),08/05/25 23:00:00,Annual,Million tonnes,"Greenhouse gases (CO2, N2O in CO2 equivalent, CH4 in CO2 equivalent, HFC in CO2 equivalent, PFC in CO2 equivalent, SF6 in CO2 equivalent, NF3 in CO2 equivalent)",Total (excluding LULUCF and memo items),Germany,2017,882.23205,,
ESTAT:ENV_AIR_GGE(1.0),08/05/25 23:00:00,Annual,Million tonnes,"Greenhouse gases (CO2, N2O in CO2 equivalent, CH4 in CO2 equivalent, HFC in CO2 equivalent, PFC in CO2 equivalent, SF6 in CO2 equivalent, NF3 in CO2 equivalent)",Total (excluding LULUCF and memo items),Germany,2018,852.85834,,
ESTAT:ENV_AIR_GGE(1.0),08/05/25 23:00:00,Annual,Million tonnes,"Greenhouse gases (CO2, N2O in CO2 equivalent, CH4 in CO2 equivalent, HFC in CO2 equivalent, PFC in CO2 equivalent, SF6 in CO2 equivalent, NF3 in CO2 equivalent)",Total (excluding LULUCF and memo items),Germany,2019,798.04805,,
ESTAT:ENV_AIR_GGE(1.0),08/05/25 23:00:00,Annual,Million tonnes,"Greenhouse gases (CO2, N2O in CO2 equivalent, CH4 in CO2 equivalent, HFC in CO2 equivalent, PFC in CO2 equivalent, SF6 in CO2 equivalent, NF3 in CO2 equivalent)",Total (excluding LULUCF and memo items),Germany,2020,732.99334,,
ESTAT:ENV_AIR_GGE(1.0),08/05/25 23:00:00,Annual,Million tonnes,"Greenhouse gases (CO2, N2O in CO2 equivalent, CH4 in CO2 equivalent, HFC in CO2 equivalent, PFC in CO2 equivalent, SF6 in CO2 equivalent, NF3 in CO2 equivalent)",Total (excluding LULUCF and memo items),Germany,2021,761.42676,,
ESTAT:ENV_AIR_GGE(1.0),08/05/25 23:00:00,Annual,Million tonnes,"Greenhouse gases (CO2, N2O in CO2 equivalent, CH4 in CO2 equivalent, HFC in CO2 equivalent, PFC in CO2 equivalent, SF6 in CO2 equivalent, NF3 in CO2 equivalent)",Total (excluding LULUCF and memo items),Germany,2022,748.79271,,
ESTAT:ENV_AIR_GGE(1.0),08/05/25 23:00:00,Annual,Million tonnes,"Greenhouse gases (CO2, N2O in CO2 equivalent, CH4 in CO2 equivalent, HFC in CO2 equivalent, PFC in CO2 equivalent, SF6 in CO2 equivalent, NF3 in CO2 equivalent)",Total (excluding LULUCF and memo items),Germany,2023,672.02032,,
ESTAT:ENV_AIR_GGE(1.0),08/05/25 23:00:00,Annual,Million tonnes,"Greenhouse gases (CO2, N2O in CO2 equivalent, CH4 in CO2 equivalent, HFC in CO2 equivalent, PFC in CO2 equivalent, SF6 in CO2 equivalent, NF3 in CO2 equivalent)",Total (excluding LULUCF and memo items),Denmark,2014,53.34363,,
ESTAT:ENV_AIR_GGE(1.0),08/05/25 23:00:00,Annual,Million tonnes,"Greenhouse gases (CO2, N2O in CO2 equivalent, CH4 in CO2 equivalent, HFC in CO2 equivalent, PFC in CO2 equivalent, SF6 in CO2 equivalent, NF3 in CO2 equivalent)",Total (excluding LULUCF and memo items),Denmark,2015,50.59963,,
ESTAT:ENV_AIR_GGE(1.0),08/05/25 23:00:00,Annual,Million tonnes,"Greenhouse gases (CO2, N2O in CO2 equivalent, CH4 in CO2 equivalent, HFC in CO2 equivalent, PFC in CO2 equivalent, SF6 in CO2 equivalent, NF3 in CO2 equivalent)",Total (excluding LULUCF and memo items),Denmark,2016,52.59637,,
ESTAT:ENV_AIR_GGE(1.0),08/05/25 23:00:00,Annual,Million tonnes,"Greenhouse gases (CO2, N2O in CO2 equivalent, CH4 in CO2 equivalent, HFC in CO2 equivalent, PFC in CO2 equivalent, SF6 in CO2 equivalent, NF3 in CO2 equivalent)",Total (excluding LULUCF and memo items),Denmark,2017,50.23582,,
ESTAT:ENV_AIR_GGE(1.0),08/05/25 23:00:00,Annual,Million tonnes,"Greenhouse gases (CO2, N2O in CO2 equivalent, CH4 in CO2 equivalent, HFC in CO2 equivalent, PFC in CO2 equivalent, SF6 in CO2 equivalent, NF3 in CO2 equivalent)",Total (excluding LULUCF and memo items),Denmark,2018,50.07453,,
ESTAT:ENV_AIR_GGE(1.0),08/05/25 23:00:00,Annual,Million tonnes,"Greenhouse gases (CO2, N2O in CO2 equivalent, CH4 in CO2 equivalent, HFC in CO2 equivalent, PFC in CO2 equivalent, SF6 in CO2 equivalent, NF3 in CO2 equivalent)",Total (excluding LULUCF and memo items),Denmark,2019,46.10571,,
ESTAT:ENV_AIR_GGE(1.0),08/05/25 23:00:00,Annual,Million tonnes,"Greenhouse gases (CO2, N2O in CO2 equivalent, CH4 in CO2 equivalent, HFC in CO2 equivalent, PFC in CO2 equivalent, SF6 in CO2 equivalent, NF3 in CO2 equivalent)",Total (excluding LULUCF and memo items),Denmark,2020,43.47568,,
ESTAT:ENV_AIR_GGE(1.0),08/05/25 23:00:00,Annual,Million tonnes,"Greenhouse gases (CO2, N2O in CO2 equivalent, CH4 in CO2 equivalent, HFC in CO2 equivalent, PFC in CO2 equivalent, SF6 in CO2 equivalent, NF3 in CO2 equivalent)",Total (excluding LULUCF and memo items),Denmark,2021,44.38287,,
ESTAT:ENV_AIR_GGE(1.0),08/05/25 23:00:00,Annual,Million tonnes,"Greenhouse gases (CO2, N2O in CO2 equivalent, CH4 in CO2 equivalent, HFC in CO2 equivalent, PFC in CO2 equivalent, SF6 in CO2 equivalent, NF3 in CO2 equivalent)",Total (excluding LULUCF and memo items),Denmark,2022,42.78103,,
ESTAT:ENV_AIR_GGE(1.0),08/05/25 23:00:00,Annual,Million tonnes,"Greenhouse gases (CO2, N2O in CO2 equivalent, CH4 in CO2 equivalent, HFC in CO2 equivalent, PFC in CO2 equivalent, SF6 in CO2 equivalent, NF3 in CO2 equivalent)",Total (excluding LULUCF and memo items),Denmark,2023,39.28582,,
ESTAT:ENV_AIR_GGE(1.0),08/05/25 23:00:00,Annual,Million tonnes,"Greenhouse gases (CO2, N2O in CO2 equivalent, CH4 in CO2 equivalent, HFC in CO2 equivalent, PFC in CO2 equivalent, SF6 in CO2 equivalent, NF3 in CO2 equivalent)",Total (excluding LULUCF and memo items),Estonia,2014,20.98727,,
ESTAT:ENV_AIR_GGE(1.0),08/05/25 23:00:00,Annual,Million tonnes,"Greenhouse gases (CO2, N2O in CO2 equivalent, CH4 in CO2 equivalent, HFC in CO2 equivalent, PFC in CO2 equivalent, SF6 in CO2 equivalent, NF3 in CO2 equivalent)",Total (excluding LULUCF and memo items),Estonia,2015,17.92095,,
ESTAT:ENV_AIR_GGE(1.0),08/05/25 23:00:00,Annual,Million tonnes,"Greenhouse gases (CO2, N2O in CO2 equivalent, CH4 in CO2 equivalent, HFC in CO2 equivalent, PFC in CO2 equivalent, SF6 in CO2 equivalent, NF3 in CO2 equivalent)",Total (excluding LULUCF and memo items),Estonia,2016,19.53923,,
ESTAT:ENV_AIR_GGE(1.0),08/05/25 23:00:00,Annual,Million tonnes,"Greenhouse gases (CO2, N2O in CO2 equivalent, CH4 in CO2 equivalent, HFC in CO2 equivalent, PFC in CO2 equivalent, SF6 in CO2 equivalent, NF3 in CO2 equivalent)",Total (excluding LULUCF and memo items),Estonia,2017,20.76706,,
ESTAT:ENV_AIR_GGE(1.0),08/05/25 23:00:00,Annual,Million tonnes,"Greenhouse gases (CO2, N2O in CO2 equivalent, CH4 in CO2 equivalent, HFC in CO2 equivalent, PFC in CO2 equivalent, SF6 in CO2 equivalent, NF3 in CO2 equivalent)",Total (excluding LULUCF and memo items),Estonia,2018,19.95558,,
ESTAT:ENV_AIR_GGE(1.0),08/05/25 23:00:00,Annual,Million tonnes,"Greenhouse gases (CO2, N2O in CO2 equivalent, CH4 in CO2 equivalent, HFC in CO2 equivalent, PFC in CO2 equivalent, SF6 in CO2 equivalent, NF3 in CO2 equivalent)",Total (excluding LULUCF and memo items),Estonia,2019,14.51246,,
ESTAT:ENV_AIR_GGE(1.0),08/05/25 23:00:00,Annual,Million tonnes,"Greenhouse gases (CO2, N2O in CO2 equivalent, CH4 in CO2 equivalent, HFC in CO2 equivalent, PFC in CO2 equivalent, SF6 in CO2 equivalent, NF3 in CO2 equivalent)",Total (excluding LULUCF and memo items),Estonia,2020,11.33732,,
ESTAT:ENV_AIR_GGE(1.0),08/05/25 23:00:00,Annual,Million tonnes,"Greenhouse gases (CO2, N2O in CO2 equivalent, CH4 in CO2 equivalent, HFC in CO2 equivalent, PFC in CO2 equivalent, SF6 in CO2 equivalent, NF3 in CO2 equivalent)",Total (excluding LULUCF and memo items),Estonia,2021,12.56818,,
ESTAT:ENV_AIR_GGE(1.0),08/05/25 23:00:00,Annual,Million tonnes,"Greenhouse gases (CO2, N2O in CO2 equivalent, CH4 in CO2 equivalent, HFC in CO2 equivalent, PFC in CO2 equivalent, SF6 in CO2 equivalent, NF3 in CO2 equivalent)",Total (excluding LULUCF and memo items),Estonia,2022,14.14911,,
ESTAT:ENV_AIR_GGE(1.0),08/05/25 23:00:00,Annual,Million tonnes,"Greenhouse gases (CO2, N2O in CO2 equivalent, CH4 in CO2 equivalent, HFC in CO2 equivalent, PFC in CO2 equivalent, SF6 in CO2 equivalent, NF3 in CO2 equivalent)",Total (excluding LULUCF and memo items),Estonia,2023,10.86246,,
ESTAT:ENV_AIR_GGE(1.0),08/05/25 23:00:00,Annual,Million tonnes,"Greenhouse gases (CO2, N2O in CO2 equivalent, CH4 in CO2 equivalent, HFC in CO2 equivalent, PFC in CO2 equivalent, SF6 in CO2 equivalent, NF3 in CO2 equivalent)",Total (excluding LULUCF and memo items),Greece,2014,99.93725,,
ESTAT:ENV_AIR_GGE(1.0),08/05/25 23:00:00,Annual,Million tonnes,"Greenhouse gases (CO2, N2O in CO2 equivalent, CH4 in CO2 equivalent, HFC in CO2 equivalent, PFC in CO2 equivalent, SF6 in CO2 equivalent, NF3 in CO2 equivalent)",Total (excluding LULUCF and memo items),Greece,2015,96.07275,,
ESTAT:ENV_AIR_GGE(1.0),08/05/25 23:00:00,Annual,Million tonnes,"Greenhouse gases (CO2, N2O in CO2 equivalent, CH4 in CO2 equivalent, HFC in CO2 equivalent, PFC in CO2 equivalent, SF6 in CO2 equivalent, NF3 in CO2 equivalent)",Total (excluding LULUCF and memo items),Greece,2016,92.39752,,
ESTAT:ENV_AIR_GGE(1.0),08/05/25 23:00:00,Annual,Million tonnes,"Greenhouse gases (CO2, N2O in CO2 equivalent, CH4 in CO2 equivalent, HFC in CO2 equivalent, PFC in CO2 equivalent, SF6 in CO2 equivalent, NF3 in CO2 equivalent)",Total (excluding LULUCF and memo items),Greece,2017,96.24621,,
ESTAT:ENV_AIR_GGE(1.0),08/05/25 23:00:00,Annual,Million tonnes,"Greenhouse gases (CO2, N2O in CO2 equivalent, CH4 in CO2 equivalent, HFC in CO2 equivalent, PFC in CO2 equivalent, SF6 in CO2 equivalent, NF3 in CO2 equivalent)",Total (excluding LULUCF and memo items),Greece,2018,93.01074,,
ESTAT:ENV_AIR_GGE(1.0),08/05/25 23:00:00,Annual,Million tonnes,"Greenhouse gases (CO2, N2O in CO2 equivalent, CH4 in CO2 equivalent, HFC in CO2 equivalent, PFC in CO2 equivalent, SF6 in CO2 equivalent, NF3 in CO2 equivalent)",Total (excluding LULUCF and memo items),Greece,2019,86.30612,,
ESTAT:ENV_AIR_GGE(1.0),08/05/25 23:00:00,Annual,Million tonnes,"Greenhouse gases (CO2, N2O in CO2 equivalent, CH4 in CO2 equivalent, HFC in CO2 equivalent, PFC in CO2 equivalent, SF6 in CO2 equivalent, NF3 in CO2 equivalent)",Total (excluding LULUCF and memo items),Greece,2020,75.87408,,
ESTAT:ENV_AIR_GGE(1.0),08/05/25 23:00:00,Annual,Million tonnes,"Greenhouse gases (CO2, N2O in CO2 equivalent, CH4 in CO2 equivalent, HFC in CO2 equivalent, PFC in CO2 equivalent, SF6 in CO2 equivalent, NF3 in CO2 equivalent)",Total (excluding LULUCF and memo items),Greece,2021,78.01311,,
ESTAT:ENV_AIR_GGE(1.0),08/05/25 23:00:00,Annual,Million tonnes,"Greenhouse gases (CO2, N2O in CO2 equivalent, CH4 in CO2 equivalent, HFC in CO2 equivalent, PFC in CO2 equivalent, SF6 in CO2 equivalent, NF3 in CO2 equivalent)",Total (excluding LULUCF and memo items),Greece,2022,77.76987,,
ESTAT:ENV_AIR_GGE(1.0),08/05/25 23:00:00,Annual,Million tonnes,"Greenhouse gases (CO2, N2O in CO2 equivalent, CH4 in CO2 equivalent, HFC in CO2 equivalent, PFC in CO2 equivalent, SF6 in CO2 equivalent, NF3 in CO2 equivalent)",Total (excluding LULUCF and memo items),Greece,2023,71.93467,,
ESTAT:ENV_AIR_GGE(1.0),08/05/25 23:00:00,Annual,Million tonnes,"Greenhouse gases (CO2, N2O in CO2 equivalent, CH4 in CO2 equivalent, HFC in CO2 equivalent, PFC in CO2 equivalent, SF6 in CO2 equivalent, NF3 in CO2 equivalent)",Total (excluding LULUCF and memo items),Spain,2014,320.36287,,
ESTAT:ENV_AIR_GGE(1.0),08/05/25 23:00:00,Annual,Million tonnes,"Greenhouse gases (CO2, N2O in CO2 equivalent, CH4 in CO2 equivalent, HFC in CO2 equivalent, PFC in CO2 equivalent, SF6 in CO2 equivalent, NF3 in CO2 equivalent)",Total (excluding LULUCF and memo items),Spain,2015,331.96498,,
ESTAT:ENV_AIR_GGE(1.0),08/05/25 23:00:00,Annual,Million tonnes,"Greenhouse gases (CO2, N2O in CO2 equivalent, CH4 in CO2 equivalent, HFC in CO2 equivalent, PFC in CO2 equivalent, SF6 in CO2 equivalent, NF3 in CO2 equivalent)",Total (excluding LULUCF and memo items),Spain,2016,320.39049,,
ESTAT:ENV_AIR_GGE(1.0),08/05/25 23:00:00,Annual,Million tonnes,"Greenhouse gases (CO2, N2O in CO2 equivalent, CH4 in CO2 equivalent, HFC in CO2 equivalent, PFC in CO2 equivalent, SF6 in CO2 equivalent, NF3 in CO2 equivalent)",Total (excluding LULUCF and memo items),Spain,2017,333.28375,,
ESTAT:ENV_AIR_GGE(1.0),08/05/25 23:00:00,Annual,Million tonnes,"Greenhouse gases (CO2, N2O in CO2 equivalent, CH4 in CO2 equivalent, HFC in CO2 equivalent, PFC in CO2 equivalent, SF6 in CO2 equivalent, NF3 in CO2 equivalent)",Total (excluding LULUCF and memo items),Spain,2018,327.57742,,
ESTAT:ENV_AIR_GGE(1.0),08/05/25 23:00:00,Annual,Million tonnes,"Greenhouse gases (CO2, N2O in CO2 equivalent, CH4 in CO2 equivalent, HFC in CO2 equivalent, PFC in CO2 equivalent, SF6 in CO2 equivalent, NF3 in CO2 equivalent)",Total (excluding LULUCF and memo items),Spain,2019,308.89405,,
ESTAT:ENV_AIR_GGE(1.0),08/05/25 23:00:00,Annual,Million tonnes,"Greenhouse gases (CO2, N2O in CO2 equivalent, CH4 in CO2 equivalent, HFC in CO2 equivalent, PFC in CO2 equivalent, SF6 in CO2 equivalent, NF3 in CO2 equivalent)",Total (excluding LULUCF and memo items),Spain,2020,269.80325,,
ESTAT:ENV_AIR_GGE(1.0),08/05/25 23:00:00,Annual,Million tonnes,"Greenhouse gases (CO2, N2O in CO2 equivalent, CH4 in CO2 equivalent, HFC in CO2 equivalent, PFC in CO2 equivalent, SF6 in CO2 equivalent, NF3 in CO2 equivalent)",Total (excluding LULUCF and memo items),Spain,2021,287.56863,,
ESTAT:ENV_AIR_GGE(1.0),08/05/25 23:00:00,Annual,Million tonnes,"Greenhouse gases (CO2, N2O in CO2 equivalent, CH4 in CO2 equivalent, HFC in CO2 equivalent, PFC in CO2 equivalent, SF6 in CO2 equivalent, NF3 in CO2 equivalent)",Total (excluding LULUCF and memo items),Spain,2022,292.2969,,
ESTAT:ENV_AIR_GGE(1.0),08/05/25 23:00:00,Annual,Million tonnes,"Greenhouse gases (CO2, N2O in CO2 equivalent, CH4 in CO2 equivalent, HFC in CO2 equivalent, PFC in CO2 equivalent, SF6 in CO2 equivalent, NF3 in CO2 equivalent)",Total (excluding LULUCF and memo items),Spain,2023,269.96764,,
ESTAT:ENV_AIR_GGE(1.0),08/05/25 23:00:00,Annual,Million tonnes,"Greenhouse gases (CO2, N2O in CO2 equivalent, CH4 in CO2 equivalent, HFC in CO2 equivalent, PFC in CO2 equivalent, SF6 in CO2 equivalent, NF3 in CO2 equivalent)",Total (excluding LULUCF and memo items),European Union - 27 countries (from 2020),2014,3764.52201,,
ESTAT:ENV_AIR_GGE(1.0),08/05/25 23:00:00,Annual,Million tonnes,"Greenhouse gases (CO2, N2O in CO2 equivalent, CH4 in CO2 equivalent, HFC in CO2 equivalent, PFC in CO2 equivalent, SF6 in CO2 equivalent, NF3 in CO2 equivalent)",Total (excluding LULUCF and memo items),European Union - 27 countries (from 2020),2015,3813.42774,,
ESTAT:ENV_AIR_GGE(1.0),08/05/25 23:00:00,Annual,Million tonnes,"Greenhouse gases (CO2, N2O in CO2 equivalent, CH4 in CO2 equivalent, HFC in CO2 equivalent, PFC in CO2 equivalent, SF6 in CO2 equivalent, NF3 in CO2 equivalent)",Total (excluding LULUCF and memo items),European Union - 27 countries (from 2020),2016,3810.06324,,
ESTAT:ENV_AIR_GGE(1.0),08/05/25 23:00:00,Annual,Million tonnes,"Greenhouse gases (CO2, N2O in CO2 equivalent, CH4 in CO2 equivalent, HFC in CO2 equivalent, PFC in CO2 equivalent, SF6 in CO2 equivalent, NF3 in CO2 equivalent)",Total (excluding LULUCF and memo items),European Union - 27 countries (from 2020),2017,3831.15477,,
ESTAT:ENV_AIR_GGE(1.0),08/05/25 23:00:00,Annual,Million tonnes,"Greenhouse gases (CO2, N2O in CO2 equivalent, CH4 in CO2 equivalent, HFC in CO2 equivalent, PFC in CO2 equivalent, SF6 in CO2 equivalent, NF3 in CO2 equivalent)",Total (excluding LULUCF and memo items),European Union - 27 countries (from 2020),2018,3749.88477,,
ESTAT:ENV_AIR_GGE(1.0),08/05/25 23:00:00,Annual,Million tonnes,"Greenhouse gases (CO2, N2O in CO2 equivalent, CH4 in CO2 equivalent, HFC in CO2 equivalent, PFC in CO2 equivalent, SF6 in CO2 equivalent, NF3 in CO2 equivalent)",Total (excluding LULUCF and memo items),European Union - 27 countries (from 2020),2019,3587.82517,,
ESTAT:ENV_AIR_GGE(1.0),08/05/25 23:00:00,Annual,Million tonnes,"Greenhouse gases (CO2, N2O in CO2 equivalent, CH4 in CO2 equivalent, HFC in CO2 equivalent, PFC in CO2 equivalent, SF6 in CO2 equivalent, NF3 in CO2 equivalent)",Total (excluding LULUCF and memo items),European Union - 27 countries (from 2020),2020,3296.84678,,
ESTAT:ENV_AIR_GGE(1.0),08/05/25 23:00:00,Annual,Million tonnes,"Greenhouse gases (CO2, N2O in CO2 equivalent, CH4 in CO2 equivalent, HFC in CO2 equivalent, PFC in CO2 equivalent, SF6 in CO2 equivalent, NF3 in CO2 equivalent)",Total (excluding LULUCF and memo items),European Union - 27 countries (from 2020),2021,3464.57562,,
ESTAT:ENV_AIR_GGE(1.0),08/05/25 23:00:00,Annual,Million tonnes,"Greenhouse gases (CO2, N2O in CO2 equivalent, CH4 in CO2 equivalent, HFC in CO2 equivalent, PFC in CO2 equivalent, SF6 in CO2 equivalent, NF3 in CO2 equivalent)",Total (excluding LULUCF and memo items),European Union - 27 countries (from 2020),2022,3375.50436,,
ESTAT:ENV_AIR_GGE(1.0),08/05/25 23:00:00,Annual,Million tonnes,"Greenhouse gases (CO2, N2O in CO2 equivalent, CH4 in CO2 equivalent, HFC in CO2 equivalent, PFC in CO2 equivalent, SF6 in CO2 equivalent, NF3 in CO2 equivalent)",Total (excluding LULUCF and memo items),European Union - 27 countries (from 2020),2023,3105.62499,,
ESTAT:ENV_AIR_GGE(1.0),08/05/25 23:00:00,Annual,Million tonnes,"Greenhouse gases (CO2, N2O in CO2 equivalent, CH4 in CO2 equivalent, HFC in CO2 equivalent, PFC in CO2 equivalent, SF6 in CO2 equivalent, NF3 in CO2 equivalent)",Total (excluding LULUCF and memo items),Finland,2014,58.65111,,
ESTAT:ENV_AIR_GGE(1.0),08/05/25 23:00:00,Annual,Million tonnes,"Greenhouse gases (CO2, N2O in CO2 equivalent, CH4 in CO2 equivalent, HFC in CO2 equivalent, PFC in CO2 equivalent, SF6 in CO2 equivalent, NF3 in CO2 equivalent)",Total (excluding LULUCF and memo items),Finland,2015,55.07572,,
ESTAT:ENV_AIR_GGE(1.0),08/05/25 23:00:00,Annual,Million tonnes,"Greenhouse gases (CO2, N2O in CO2 equivalent, CH4 in CO2 equivalent, HFC in CO2 equivalent, PFC in CO2 equivalent, SF6 in CO2 equivalent, NF3 in CO2 equivalent)",Total (excluding LULUCF and memo items),Finland,2016,57.94965,,
ESTAT:ENV_AIR_GGE(1.0),08/05/25 23:00:00,Annual,Million tonnes,"Greenhouse gases (CO2, N2O in CO2 equivalent, CH4 in CO2 equivalent, HFC in CO2 equivalent, PFC in CO2 equivalent, SF6 in CO2 equivalent, NF3 in CO2 equivalent)",Total (excluding LULUCF and memo items),Finland,2017,55.07374,,
ESTAT:ENV_AIR_GGE(1.0),08/05/25 23:00:00,Annual,Million tonnes,"Greenhouse gases (CO2, N2O in CO2 equivalent, CH4 in CO2 equivalent, HFC in CO2 equivalent, PFC in CO2 equivalent, SF6 in CO2 equivalent, NF3 in CO2 equivalent)",Total (excluding LULUCF and memo items),Finland,2018,56.1213,,
ESTAT:ENV_AIR_GGE(1.0),08/05/25 23:00:00,Annual,Million tonnes,"Greenhouse gases (CO2, N2O in CO2 equivalent, CH4 in CO2 equivalent, HFC in CO2 equivalent, PFC in CO2 equivalent, SF6 in CO2 equivalent, NF3 in CO2 equivalent)",Total (excluding LULUCF and memo items),Finland,2019,52.72854,,
ESTAT:ENV_AIR_GGE(1.0),08/05/25 23:00:00,Annual,Million tonnes,"Greenhouse gases (CO2, N2O in CO2 equivalent, CH4 in CO2 equivalent, HFC in CO2 equivalent, PFC in CO2 equivalent, SF6 in CO2 equivalent, NF3 in CO2 equivalent)",Total (excluding LULUCF and memo items),Finland,2020,47.76958,,
ESTAT:ENV_AIR_GGE(1.0),08/05/25 23:00:00,Annual,Million tonnes,"Greenhouse gases (CO2, N2O in CO2 equivalent, CH4 in CO2 equivalent, HFC in CO2 equivalent, PFC in CO2 equivalent, SF6 in CO2 equivalent, NF3 in CO2 equivalent)",Total (excluding LULUCF and memo items),Finland,2021,47.80341,,
ESTAT:ENV_AIR_GGE(1.0),08/05/25 23:00:00,Annual,Million tonnes,"Greenhouse gases (CO2, N2O in CO2 equivalent, CH4 in CO2 equivalent, HFC in CO2 equivalent, PFC in CO2 equivalent, SF6 in CO2 equivalent, NF3 in CO2 equivalent)",Total (excluding LULUCF and memo items),Finland,2022,45.69738,,
ESTAT:ENV_AIR_GGE(1.0),08/05/25 23:00:00,Annual,Million tonnes,"Greenhouse gases (CO2, N2O in CO2 equivalent, CH4 in CO2 equivalent, HFC in CO2 equivalent, PFC in CO2 equivalent, SF6 in CO2 equivalent, NF3 in CO2 equivalent)",Total (excluding LULUCF and memo items),Finland,2023,41.10349,,
ESTAT:ENV_AIR_GGE(1.0),08/05/25 23:00:00,Annual,Million tonnes,"Greenhouse gases (CO2, N2O in CO2 equivalent, CH4 in CO2 equivalent, HFC in CO2 equivalent, PFC in CO2 equivalent, SF6 in CO2 equivalent, NF3 in CO2 equivalent)",Total (excluding LULUCF and memo items),France,2014,456.77804,,
ESTAT:ENV_AIR_GGE(1.0),08/05/25 23:00:00,Annual,Million tonnes,"Greenhouse gases (CO2, N2O in CO2 equivalent, CH4 in CO2 equivalent, HFC in CO2 equivalent, PFC in CO2 equivalent, SF6 in CO2 equivalent, NF3 in CO2 equivalent)",Total (excluding LULUCF and memo items),France,2015,460.10006,,
ESTAT:ENV_AIR_GGE(1.0),08/05/25 23:00:00,Annual,Million tonnes,"Greenhouse gases (CO2, N2O in CO2 equivalent, CH4 in CO2 equivalent, HFC in CO2 equivalent, PFC in CO2 equivalent, SF6 in CO2 equivalent, NF3 in CO2 equivalent)",Total (excluding LULUCF and memo items),France,2016,462.54004,,
ESTAT:ENV_AIR_GGE(1.0),08/05/25 23:00:00,Annual,Million tonnes,"Greenhouse gases (CO2, N2O in CO2 equivalent, CH4 in CO2 equivalent, HFC in CO2 equivalent, PFC in CO2 equivalent, SF6 in CO2 equivalent, NF3 in CO2 equivalent)",Total (excluding LULUCF and memo items),France,2017,465.0541,,
ESTAT:ENV_AIR_GGE(1.0),08/05/25 23:00:00,Annual,Million tonnes,"Greenhouse gases (CO2, N2O in CO2 equivalent, CH4 in CO2 equivalent, HFC in CO2 equivalent, PFC in CO2 equivalent, SF6 in CO2 equivalent, NF3 in CO2 equivalent)",Total (excluding LULUCF and memo items),France,2018,445.75797,,
ESTAT:ENV_AIR_GGE(1.0),08/05/25 23:00:00,Annual,Million tonnes,"Greenhouse gases (CO2, N2O in CO2 equivalent, CH4 in CO2 equivalent, HFC in CO2 equivalent, PFC in CO2 equivalent, SF6 in CO2 equivalent, NF3 in CO2 equivalent)",Total (excluding LULUCF and memo items),France,2019,436.0623,,
ESTAT:ENV_AIR_GGE(1.0),08/05/25 23:00:00,Annual,Million tonnes,"Greenhouse gases (CO2, N2O in CO2 equivalent, CH4 in CO2 equivalent, HFC in CO2 equivalent, PFC in CO2 equivalent, SF6 in CO2 equivalent, NF3 in CO2 equivalent)",Total (excluding LULUCF and memo items),France,2020,396.07561,,
ESTAT:ENV_AIR_GGE(1.0),08/05/25 23:00:00,Annual,Million tonnes,"Greenhouse gases (CO2, N2O in CO2 equivalent, CH4 in CO2 equivalent, HFC in CO2 equivalent, PFC in CO2 equivalent, SF6 in CO2 equivalent, NF3 in CO2 equivalent)",Total (excluding LULUCF and memo items),France,2021,419.75637,,
ESTAT:ENV_AIR_GGE(1.0),08/05/25 23:00:00,Annual,Million tonnes,"Greenhouse gases (CO2, N2O in CO2 equivalent, CH4 in CO2 equivalent, HFC in CO2 equivalent, PFC in CO2 equivalent, SF6 in CO2 equivalent, NF3 in CO2 equivalent)",Total (excluding LULUCF and memo items),France,2022,403.44494,,
ESTAT:ENV_AIR_GGE(1.0),08/05/25 23:00:00,Annual,Million tonnes,"Greenhouse gases (CO2, N2O in CO2 equivalent, CH4 in CO2 equivalent, HFC in CO2 equivalent, PFC in CO2 equivalent, SF6 in CO2 equivalent, NF3 in CO2 equivalent)",Total (excluding LULUCF and memo items),France,2023,376.39688,,
ESTAT:ENV_AIR_GGE(1.0),08/05/25 23:00:00,Annual,Million tonnes,"Greenhouse gases (CO2, N2O in CO2 equivalent, CH4 in CO2 equivalent, HFC in CO2 equivalent, PFC in CO2 equivalent, SF6 in CO2 equivalent, NF3 in CO2 equivalent)",Total (excluding LULUCF and memo items),Croatia,2014,24.29759,,
ESTAT:ENV_AIR_GGE(1.0),08/05/25 23:00:00,Annual,Million tonnes,"Greenhouse gases (CO2, N2O in CO2 equivalent, CH4 in CO2 equivalent, HFC in CO2 equivalent, PFC in CO2 equivalent, SF6 in CO2 equivalent, NF3 in CO2 equivalent)",Total (excluding LULUCF and memo items),Croatia,2015,24.75426,,
ESTAT:ENV_AIR_GGE(1.0),08/05/25 23:00:00,Annual,Million tonnes,"Greenhouse gases (CO2, N2O in CO2 equivalent, CH4 in CO2 equivalent, HFC in CO2 equivalent, PFC in CO2 equivalent, SF6 in CO2 equivalent, NF3 in CO2 equivalent)",Total (excluding LULUCF and memo items),Croatia,2016,24.92344,,
ESTAT:ENV_AIR_GGE(1.0),08/05/25 23:00:00,Annual,Million tonnes,"Greenhouse gases (CO2, N2O in CO2 equivalent, CH4 in CO2 equivalent, HFC in CO2 equivalent, PFC in CO2 equivalent, SF6 in CO2 equivalent, NF3 in CO2 equivalent)",Total (excluding LULUCF and memo items),Croatia,2017,25.77249,,
ESTAT:ENV_AIR_GGE(1.0),08/05/25 23:00:00,Annual,Million tonnes,"Greenhouse gases (CO2, N2O in CO2 equivalent, CH4 in CO2 equivalent, HFC in CO2 equivalent, PFC in CO2 equivalent, SF6 in CO2 equivalent, NF3 in CO2 equivalent)",Total (excluding LULUCF and memo items),Croatia,2018,24.64599,,
ESTAT:ENV_AIR_GGE(1.0),08/05/25 23:00:00,Annual,Million tonnes,"Greenhouse gases (CO2, N2O in CO2 equivalent, CH4 in CO2 equivalent, HFC in CO2 equivalent, PFC in CO2 equivalent, SF6 in CO2 equivalent, NF3 in CO2 equivalent)",Total (excluding LULUCF and memo items),Croatia,2019,24.81574,,
ESTAT:ENV_AIR_GGE(1.0),08/05/25 23:00:00,Annual,Million tonnes,"Greenhouse gases (CO2, N2O in CO2 equivalent, CH4 in CO2 equivalent, HFC in CO2 equivalent, PFC in CO2 equivalent, SF6 in CO2 equivalent, NF3 in CO2 equivalent)",Total (excluding LULUCF and memo items),Croatia,2020,23.8981,,
ESTAT:ENV_AIR_GGE(1.0),08/05/25 23:00:00,Annual,Million tonnes,"Greenhouse gases (CO2, N2O in CO2 equivalent, CH4 in CO2 equivalent, HFC in CO2 equivalent, PFC in CO2 equivalent, SF6 in CO2 equivalent, NF3 in CO2 equivalent)",Total (excluding LULUCF and memo items),Croatia,2021,24.42855,,
ESTAT:ENV_AIR_GGE(1.0),08/05/25 23:00:00,Annual,Million tonnes,"Greenhouse gases (CO2, N2O in CO2 equivalent, CH4 in CO2 equivalent, HFC in CO2 equivalent, PFC in CO2 equivalent, SF6 in CO2 equivalent, NF3 in CO2 equivalent)",Total (excluding LULUCF and memo items),Croatia,2022,24.52328,,
ESTAT:ENV_AIR_GGE(1.0),08/05/25 23:00:00,Annual,Million tonnes,"Greenhouse gases (CO2, N2O in CO2 equivalent, CH4 in CO2 equivalent, HFC in CO2 equivalent, PFC in CO2 equivalent, SF6 in CO2 equivalent, NF3 in CO2 equivalent)",Total (excluding LULUCF and memo items),Croatia,2023,25.41895,,
ESTAT:ENV_AIR_GGE(1.0),08/05/25 23:00:00,Annual,Million tonnes,"Greenhouse gases (CO2, N2O in CO2 equivalent, CH4 in CO2 equivalent, HFC in CO2 equivalent, PFC in CO2 equivalent, SF6 in CO2 equivalent, NF3 in CO2 equivalent)",Total (excluding LULUCF and memo items),Hungary,2014,59.22292,,
ESTAT:ENV_AIR_GGE(1.0),08/05/25 23:00:00,Annual,Million tonnes,"Greenhouse gases (CO2, N2O in CO2 equivalent, CH4 in CO2 equivalent, HFC in CO2 equivalent, PFC in CO2 equivalent, SF6 in CO2 equivalent, NF3 in CO2 equivalent)",Total (excluding LULUCF and memo items),Hungary,2015,62.40266,,
ESTAT:ENV_AIR_GGE(1.0),08/05/25 23:00:00,Annual,Million tonnes,"Greenhouse gases (CO2, N2O in CO2 equivalent, CH4 in CO2 equivalent, HFC in CO2 equivalent, PFC in CO2 equivalent, SF6 in CO2 equivalent, NF3 in CO2 equivalent)",Total (excluding LULUCF and memo items),Hungary,2016,63.0329,,
ESTAT:ENV_AIR_GGE(1.0),08/05/25 23:00:00,Annual,Million tonnes,"Greenhouse gases (CO2, N2O in CO2 equivalent, CH4 in CO2 equivalent, HFC in CO2 equivalent, PFC in CO2 equivalent, SF6 in CO2 equivalent, NF3 in CO2 equivalent)",Total (excluding LULUCF and memo items),Hungary,2017,65.21993,,
ESTAT:ENV_AIR_GGE(1.0),08/05/25 23:00:00,Annual,Million tonnes,"Greenhouse gases (CO2, N2O in CO2 equivalent, CH4 in CO2 equivalent, HFC in CO2 equivalent, PFC in CO2 equivalent, SF6 in CO2 equivalent, NF3 in CO2 equivalent)",Total (excluding LULUCF and memo items),Hungary,2018,65.17739,,
ESTAT:ENV_AIR_GGE(1.0),08/05/25 23:00:00,Annual,Million tonnes,"Greenhouse gases (CO2, N2O in CO2 equivalent, CH4 in CO2 equivalent, HFC in CO2 equivalent, PFC in CO2 equivalent, SF6 in CO2 equivalent, NF3 in CO2 equivalent)",Total (excluding LULUCF and memo items),Hungary,2019,64.93476,,
ESTAT:ENV_AIR_GGE(1.0),08/05/25 23:00:00,Annual,Million tonnes,"Greenhouse gases (CO2, N2O in CO2 equivalent, CH4 in CO2 equivalent, HFC in CO2 equivalent, PFC in CO2 equivalent, SF6 in CO2 equivalent, NF3 in CO2 equivalent)",Total (excluding LULUCF and memo items),Hungary,2020,62.93877,,
ESTAT:ENV_AIR_GGE(1.0),08/05/25 23:00:00,Annual,Million tonnes,"Greenhouse gases (CO2, N2O in CO2 equivalent, CH4 in CO2 equivalent, HFC in CO2 equivalent, PFC in CO2 equivalent, SF6 in CO2 equivalent, NF3 in CO2 equivalent)",Total (excluding LULUCF and memo items),Hungary,2021,64.01681,,
ESTAT:ENV_AIR_GGE(1.0),08/05/25 23:00:00,Annual,Million tonnes,"Greenhouse gases (CO2, N2O in CO2 equivalent, CH4 in CO2 equivalent, HFC in CO2 equivalent, PFC in CO2 equivalent, SF6 in CO2 equivalent, NF3 in CO2 equivalent)",Total (excluding LULUCF and memo items),Hungary,2022,59.72797,,
ESTAT:ENV_AIR_GGE(1.0),08/05/25 23:00:00,Annual,Million tonnes,"Greenhouse gases (CO2, N2O in CO2 equivalent, CH4 in CO2 equivalent, HFC in CO2 equivalent, PFC in CO2 equivalent, SF6 in CO2 equivalent, NF3 in CO2 equivalent)",Total (excluding LULUCF and memo items),Hungary,2023,54.31259,,
ESTAT:ENV_AIR_GGE(1.0),08/05/25 23:00:00,Annual,Million tonnes,"Greenhouse gases (CO2, N2O in CO2 equivalent, CH4 in CO2 equivalent, HFC in CO2 equivalent, PFC in CO2 equivalent, SF6 in CO2 equivalent, NF3 in CO2 equivalent)",Total (excluding LULUCF and memo items),Ireland,2014,58.0949,,
ESTAT:ENV_AIR_GGE(1.0),08/05/25 23:00:00,Annual,Million tonnes,"Greenhouse gases (CO2, N2O in CO2 equivalent, CH4 in CO2 equivalent, HFC in CO2 equivalent, PFC in CO2 equivalent, SF6 in CO2 equivalent, NF3 in CO2 equivalent)",Total (excluding LULUCF and memo items),Ireland,2015,60.42635,,
ESTAT:ENV_AIR_GGE(1.0),08/05/25 23:00:00,Annual,Million tonnes,"Greenhouse gases (CO2, N2O in CO2 equivalent, CH4 in CO2 equivalent, HFC in CO2 equivalent, PFC in CO2 equivalent, SF6 in CO2 equivalent, NF3 in CO2 equivalent)",Total (excluding LULUCF and memo items),Ireland,2016,62.71519,,
ESTAT:ENV_AIR_GGE(1.0),08/05/25 23:00:00,Annual,Million tonnes,"Greenhouse gases (CO2, N2O in CO2 equivalent, CH4 in CO2 equivalent, HFC in CO2 equivalent, PFC in CO2 equivalent, SF6 in CO2 equivalent, NF3 in CO2 equivalent)",Total (excluding LULUCF and memo items),Ireland,2017,61.94062,,
ESTAT:ENV_AIR_GGE(1.0),08/05/25 23:00:00,Annual,Million tonnes,"Greenhouse gases (CO2, N2O in CO2 equivalent, CH4 in CO2 equivalent, HFC in CO2 equivalent, PFC in CO2 equivalent, SF6 in CO2 equivalent, NF3 in CO2 equivalent)",Total (excluding LULUCF and memo items),Ireland,2018,61.59539,,
ESTAT:ENV_AIR_GGE(1.0),08/05/25 23:00:00,Annual,Million tonnes,"Greenhouse gases (CO2, N2O in CO2 equivalent, CH4 in CO2 equivalent, HFC in CO2 equivalent, PFC in CO2 equivalent, SF6 in CO2 equivalent, NF3 in CO2 equivalent)",Total (excluding LULUCF and memo items),Ireland,2019,59.77293,,
ESTAT:ENV_AIR_GGE(1.0),08/05/25 23:00:00,Annual,Million tonnes,"Greenhouse gases (CO2, N2O in CO2 equivalent, CH4 in CO2 equivalent, HFC in CO2 equivalent, PFC in CO2 equivalent, SF6 in CO2 equivalent, NF3 in CO2 equivalent)",Total (excluding LULUCF and memo items),Ireland,2020,57.61866,,
ESTAT:ENV_AIR_GGE(1.0),08/05/25 23:00:00,Annual,Million tonnes,"Greenhouse gases (CO2, N2O in CO2 equivalent, CH4 in CO2 equivalent, HFC in CO2 equivalent, PFC in CO2 equivalent, SF6 in CO2 equivalent, NF3 in CO2 equivalent)",Total (excluding LULUCF and memo items),Ireland,2021,60.22768,,
ESTAT:ENV_AIR_GGE(1.0),08/05/25 23:00:00,Annual,Million tonnes,"Greenhouse gases (CO2, N2O in CO2 equivalent, CH4 in CO2 equivalent, HFC in CO2 equivalent, PFC in CO2 equivalent, SF6 in CO2 equivalent, NF3 in CO2 equivalent)",Total (excluding LULUCF and memo items),Ireland,2022,58.96044,,
ESTAT:ENV_AIR_GGE(1.0),08/05/25 23:00:00,Annual,Million tonnes,"Greenhouse gases (CO2, N2O in CO2 equivalent, CH4 in CO2 equivalent, HFC in CO2 equivalent, PFC in CO2 equivalent, SF6 in CO2 equivalent, NF3 in CO2 equivalent)",Total (excluding LULUCF and memo items),Ireland,2023,54.93435,,
ESTAT:ENV_AIR_GGE(1.0),08/05/25 23:00:00,Annual,Million tonnes,"Greenhouse gases (CO2, N2O in CO2 equivalent, CH4 in CO2 equivalent, HFC in CO2 equivalent, PFC in CO2 equivalent, SF6 in CO2 equivalent, NF3 in CO2 equivalent)",Total (excluding LULUCF and memo items),Italy,2014,432.86146,,
ESTAT:ENV_AIR_GGE(1.0),08/05/25 23:00:00,Annual,Million tonnes,"Greenhouse gases (CO2, N2O in CO2 equivalent, CH4 in CO2 equivalent, HFC in CO2 equivalent, PFC in CO2 equivalent, SF6 in CO2 equivalent, NF3 in CO2 equivalent)",Total (excluding LULUCF and memo items),Italy,2015,443.41422,,
ESTAT:ENV_AIR_GGE(1.0),08/05/25 23:00:00,Annual,Million tonnes,"Greenhouse gases (CO2, N2O in CO2 equivalent, CH4 in CO2 equivalent, HFC in CO2 equivalent, PFC in CO2 equivalent, SF6 in CO2 equivalent, NF3 in CO2 equivalent)",Total (excluding LULUCF and memo items),Italy,2016,439.99819,,
ESTAT:ENV_AIR_GGE(1.0),08/05/25 23:00:00,Annual,Million tonnes,"Greenhouse gases (CO2, N2O in CO2 equivalent, CH4 in CO2 equivalent, HFC in CO2 equivalent, PFC in CO2 equivalent, SF6 in CO2 equivalent, NF3 in CO2 equivalent)",Total (excluding LULUCF and memo items),Italy,2017,433.20775,,
ESTAT:ENV_AIR_GGE(1.0),08/05/25 23:00:00,Annual,Million tonnes,"Greenhouse gases (CO2, N2O in CO2 equivalent, CH4 in CO2 equivalent, HFC in CO2 equivalent, PFC in CO2 equivalent, SF6 in CO2 equivalent, NF3 in CO2 equivalent)",Total (excluding LULUCF and memo items),Italy,2018,429.15501,,
ESTAT:ENV_AIR_GGE(1.0),08/05/25 23:00:00,Annual,Million tonnes,"Greenhouse gases (CO2, N2O in CO2 equivalent, CH4 in CO2 equivalent, HFC in CO2 equivalent, PFC in CO2 equivalent, SF6 in CO2 equivalent, NF3 in CO2 equivalent)",Total (excluding LULUCF and memo items),Italy,2019,417.36168,,
ESTAT:ENV_AIR_GGE(1.0),08/05/25 23:00:00,Annual,Million tonnes,"Greenhouse gases (CO2, N2O in CO2 equivalent, CH4 in CO2 equivalent, HFC in CO2 equivalent, PFC in CO2 equivalent, SF6 in CO2 equivalent, NF3 in CO2 equivalent)",Total (excluding LULUCF and memo items),Italy,2020,379.96336,,
ESTAT:ENV_AIR_GGE(1.0),08/05/25 23:00:00,Annual,Million tonnes,"Greenhouse gases (CO2, N2O in CO2 equivalent, CH4 in CO2 equivalent, HFC in CO2 equivalent, PFC in CO2 equivalent, SF6 in CO2 equivalent, NF3 in CO2 equivalent)",Total (excluding LULUCF and memo items),Italy,2021,412.15202,,
ESTAT:ENV_AIR_GGE(1.0),08/05/25 23:00:00,Annual,Million tonnes,"Greenhouse gases (CO2, N2O in CO2 equivalent, CH4 in CO2 equivalent, HFC in CO2 equivalent, PFC in CO2 equivalent, SF6 in CO2 equivalent, NF3 in CO2 equivalent)",Total (excluding LULUCF and memo items),Italy,2022,412.92768,,
ESTAT:ENV_AIR_GGE(1.0),08/05/25 23:00:00,Annual,Million tonnes,"Greenhouse gases (CO2, N2O in CO2 equivalent, CH4 in CO2 equivalent, HFC in CO2 equivalent, PFC in CO2 equivalent, SF6 in CO2 equivalent, NF3 in CO2 equivalent)",Total (excluding LULUCF and memo items),Italy,2023,384.74178,,
ESTAT:ENV_AIR_GGE(1.0),08/05/25 23:00:00,Annual,Million tonnes,"Greenhouse gases (CO2, N2O in CO2 equivalent, CH4 in CO2 equivalent, HFC in CO2 equivalent, PFC in CO2 equivalent, SF6 in CO2 equivalent, NF3 in CO2 equivalent)",Total (excluding LULUCF and memo items),Lithuania,2014,19.37549,,
ESTAT:ENV_AIR_GGE(1.0),08/05/25 23:00:00,Annual,Million tonnes,"Greenhouse gases (CO2, N2O in CO2 equivalent, CH4 in CO2 equivalent, HFC in CO2 equivalent, PFC in CO2 equivalent, SF6 in CO2 equivalent, NF3 in CO2 equivalent)",Total (excluding LULUCF and memo items),Lithuania,2015,19.68419,,
ESTAT:ENV_AIR_GGE(1.0),08/05/25 23:00:00,Annual,Million tonnes,"Greenhouse gases (CO2, N2O in CO2 equivalent, CH4 in CO2 equivalent, HFC in CO2 equivalent, PFC in CO2 equivalent, SF6 in CO2 equivalent, NF3 in CO2 equivalent)",Total (excluding LULUCF and memo items),Lithuania,2016,19.73753,,
ESTAT:ENV_AIR_GGE(1.0),08/05/25 23:00:00,Annual,Million tonnes,"Greenhouse gases (CO2, N2O in CO2 equivalent, CH4 in CO2 equivalent, HFC in CO2 equivalent, PFC in CO2 equivalent, SF6 in CO2 equivalent, NF3 in CO2 equivalent)",Total (excluding LULUCF and memo items),Lithuania,2017,19.86211,,
ESTAT:ENV_AIR_GGE(1.0),08/05/25 23:00:00,Annual,Million tonnes,"Greenhouse gases (CO2, N2O in CO2 equivalent, CH4 in CO2 equivalent, HFC in CO2 equivalent, PFC in CO2 equivalent, SF6 in CO2 equivalent, NF3 in CO2 equivalent)",Total (excluding LULUCF and memo items),Lithuania,2018,19.51923,,
ESTAT:ENV_AIR_GGE(1.0),08/05/25 23:00:00,Annual,Million tonnes,"Greenhouse gases (CO2, N2O in CO2 equivalent, CH4 in CO2 equivalent, HFC in CO2 equivalent, PFC in CO2 equivalent, SF6 in CO2 equivalent, NF3 in CO2 equivalent)",Total (excluding LULUCF and memo items),Lithuania,2019,19.7262,,
ESTAT:ENV_AIR_GGE(1.0),08/05/25 23:00:00,Annual,Million tonnes,"Greenhouse gases (CO2, N2O in CO2 equivalent, CH4 in CO2 equivalent, HFC in CO2 equivalent, PFC in CO2 equivalent, SF6 in CO2 equivalent, NF3 in CO2 equivalent)",Total (excluding LULUCF and memo items),Lithuania,2020,19.60955,,
ESTAT:ENV_AIR_GGE(1.0),08/05/25 23:00:00,Annual,Million tonnes,"Greenhouse gases (CO2, N2O in CO2 equivalent, CH4 in CO2 equivalent, HFC in CO2 equivalent, PFC in CO2 equivalent, SF6 in CO2 equivalent, NF3 in CO2 equivalent)",Total (excluding LULUCF and memo items),Lithuania,2021,19.76081,,
ESTAT:ENV_AIR_GGE(1.0),08/05/25 23:00:00,Annual,Million tonnes,"Greenhouse gases (CO2, N2O in CO2 equivalent, CH4 in CO2 equivalent, HFC in CO2 equivalent, PFC in CO2 equivalent, SF6 in CO2 equivalent, NF3 in CO2 equivalent)",Total (excluding LULUCF and memo items),Lithuania,2022,18.43247,,
ESTAT:ENV_AIR_GGE(1.0),08/05/25 23:00:00,Annual,Million tonnes,"Greenhouse gases (CO2, N2O in CO2 equivalent, CH4 in CO2 equivalent, HFC in CO2 equivalent, PFC in CO2 equivalent, SF6 in CO2 equivalent, NF3 in CO2 equivalent)",Total (excluding LULUCF and memo items),Lithuania,2023,17.88831,,
ESTAT:ENV_AIR_GGE(1.0),08/05/25 23:00:00,Annual,Million tonnes,"Greenhouse gases (CO2, N2O in CO2 equivalent, CH4 in CO2 equivalent, HFC in CO2 equivalent, PFC in CO2 equivalent, SF6 in CO2 equivalent, NF3 in CO2 equivalent)",Total (excluding LULUCF and memo items),Luxembourg,2014,10.809,,
ESTAT:ENV_AIR_GGE(1.0),08/05/25 23:00:00,Annual,Million tonnes,"Greenhouse gases (CO2, N2O in CO2 equivalent, CH4 in CO2 equivalent, HFC in CO2 equivalent, PFC in CO2 equivalent, SF6 in CO2 equivalent, NF3 in CO2 equivalent)",Total (excluding LULUCF and memo items),Luxembourg,2015,10.33702,,
ESTAT:ENV_AIR_GGE(1.0),08/05/25 23:00:00,Annual,Million tonnes,"Greenhouse gases (CO2, N2O in CO2 equivalent, CH4 in CO2 equivalent, HFC in CO2 equivalent, PFC in CO2 equivalent, SF6 in CO2 equivalent, NF3 in CO2 equivalent)",Total (excluding LULUCF and memo items),Luxembourg,2016,10.10198,,
ESTAT:ENV_AIR_GGE(1.0),08/05/25 23:00:00,Annual,Million tonnes,"Greenhouse gases (CO2, N2O in CO2 equivalent, CH4 in CO2 equivalent, HFC in CO2 equivalent, PFC in CO2 equivalent, SF6 in CO2 equivalent, NF3 in CO2 equivalent)",Total (excluding LULUCF and memo items),Luxembourg,2017,10.2839,,
ESTAT:ENV_AIR_GGE(1.0),08/05/25 23:00:00,Annual,Million tonnes,"Greenhouse gases (CO2, N2O in CO2 equivalent, CH4 in CO2 equivalent, HFC in CO2 equivalent, PFC in CO2 equivalent, SF6 in CO2 equivalent, NF3 in CO2 equivalent)",Total (excluding LULUCF and memo items),Luxembourg,2018,10.58545,,
ESTAT:ENV_AIR_GGE(1.0),08/05/25 23:00:00,Annual,Million tonnes,"Greenhouse gases (CO2, N2O in CO2 equivalent, CH4 in CO2 equivalent, HFC in CO2 equivalent, PFC in CO2 equivalent, SF6 in CO2 equivalent, NF3 in CO2 equivalent)",Total (excluding LULUCF and memo items),Luxembourg,2019,10.75258,,
ESTAT:ENV_AIR_GGE(1.0),08/05/25 23:00:00,Annual,Million tonnes,"Greenhouse gases (CO2, N2O in CO2 equivalent, CH4 in CO2 equivalent, HFC in CO2 equivalent, PFC in CO2 equivalent, SF6 in CO2 equivalent, NF3 in CO2 equivalent)",Total (excluding LULUCF and memo items),Luxembourg,2020,9.0633,,
ESTAT:ENV_AIR_GGE(1.0),08/05/25 23:00:00,Annual,Million tonnes,"Greenhouse gases (CO2, N2O in CO2 equivalent, CH4 in CO2 equivalent, HFC in CO2 equivalent, PFC in CO2 equivalent, SF6 in CO2 equivalent, NF3 in CO2 equivalent)",Total (excluding LULUCF and memo items),Luxembourg,2021,9.4044,,
ESTAT:ENV_AIR_GGE(1.0),08/05/25 23:00:00,Annual,Million tonnes,"Greenhouse gases (CO2, N2O in CO2 equivalent, CH4 in CO2 equivalent, HFC in CO2 equivalent, PFC in CO2 equivalent, SF6 in CO2 equivalent, NF3 in CO2 equivalent)",Total (excluding LULUCF and memo items),Luxembourg,2022,8.21429,,
ESTAT:ENV_AIR_GGE(1.0),08/05/25 23:00:00,Annual,Million tonnes,"Greenhouse gases (CO2, N2O in CO2 equivalent, CH4 in CO2 equivalent, HFC in CO2 equivalent, PFC in CO2 equivalent, SF6 in CO2 equivalent, NF3 in CO2 equivalent)",Total (excluding LULUCF and memo items),Luxembourg,2023,7.76889,,
ESTAT:ENV_AIR_GGE(1.0),08/05/25 23:00:00,Annual,Million tonnes,"Greenhouse gases (CO2, N2O in CO2 equivalent, CH4 in CO2 equivalent, HFC in CO2 equivalent, PFC in CO2 equivalent, SF6 in CO2 equivalent, NF3 in CO2 equivalent)",Total (excluding LULUCF and memo items),Latvia,2014,10.73548,,
ESTAT:ENV_AIR_GGE(1.0),08/05/25 23:00:00,Annual,Million tonnes,"Greenhouse gases (CO2, N2O in CO2 equivalent, CH4 in CO2 equivalent, HFC in CO2 equivalent, PFC in CO2 equivalent, SF6 in CO2 equivalent, NF3 in CO2 equivalent)",Total (excluding LULUCF and memo items),Latvia,2015,10.77139,,
ESTAT:ENV_AIR_GGE(1.0),08/05/25 23:00:00,Annual,Million tonnes,"Greenhouse gases (CO2, N2O in CO2 equivalent, CH4 in CO2 equivalent, HFC in CO2 equivalent, PFC in CO2 equivalent, SF6 in CO2 equivalent, NF3 in CO2 equivalent)",Total (excluding LULUCF and memo items),Latvia,2016,10.76332,,
ESTAT:ENV_AIR_GGE(1.0),08/05/25 23:00:00,Annual,Million tonnes,"Greenhouse gases (CO2, N2O in CO2 equivalent, CH4 in CO2 equivalent, HFC in CO2 equivalent, PFC in CO2 equivalent, SF6 in CO2 equivalent, NF3 in CO2 equivalent)",Total (excluding LULUCF and memo items),Latvia,2017,10.80336,,
ESTAT:ENV_AIR_GGE(1.0),08/05/25 23:00:00,Annual,Million tonnes,"Greenhouse gases (CO2, N2O in CO2 equivalent, CH4 in CO2 equivalent, HFC in CO2 equivalent, PFC in CO2 equivalent, SF6 in CO2 equivalent, NF3 in CO2 equivalent)",Total (excluding LULUCF and memo items),Latvia,2018,11.27555,,
ESTAT:ENV_AIR_GGE(1.0),08/05/25 23:00:00,Annual,Million tonnes,"Greenhouse gases (CO2, N2O in CO2 equivalent, CH4 in CO2 equivalent, HFC in CO2 equivalent, PFC in CO2 equivalent, SF6 in CO2 equivalent, NF3 in CO2 equivalent)",Total (excluding LULUCF and memo items),Latvia,2019,11.13986,,
ESTAT:ENV_AIR_GGE(1.0),08/05/25 23:00:00,Annual,Million tonnes,"Greenhouse gases (CO2, N2O in CO2 equivalent, CH4 in CO2 equivalent, HFC in CO2 equivalent, PFC in CO2 equivalent, SF6 in CO2 equivalent, NF3 in CO2 equivalent)",Total (excluding LULUCF and memo items),Latvia,2020,10.5073,,
ESTAT:ENV_AIR_GGE(1.0),08/05/25 23:00:00,Annual,Million tonnes,"Greenhouse gases (CO2, N2O in CO2 equivalent, CH4 in CO2 equivalent, HFC in CO2 equivalent, PFC in CO2 equivalent, SF6 in CO2 equivalent, NF3 in CO2 equivalent)",Total (excluding LULUCF and memo items),Latvia,2021,10.72528,,
ESTAT:ENV_AIR_GGE(1.0),08/05/25 23:00:00,Annual,Million tonnes,"Greenhouse gases (CO2, N2O in CO2 equivalent, CH4 in CO2 equivalent, HFC in CO2 equivalent, PFC in CO2 equivalent, SF6 in CO2 equivalent, NF3 in CO2 equivalent)",Total (excluding LULUCF and memo items),Latvia,2022,10.11756,,
ESTAT:ENV_AIR_GGE(1.0),08/05/25 23:00:00,Annual,Million tonnes,"Greenhouse gases (CO2, N2O in CO2 equivalent, CH4 in CO2 equivalent, HFC in CO2 equivalent, PFC in CO2 equivalent, SF6 in CO2 equivalent, NF3 in CO2 equivalent)",Total (excluding LULUCF and memo items),Latvia,2023,9.98066,,
ESTAT:ENV_AIR_GGE(1.0),08/05/25 23:00:00,Annual,Million tonnes,"Greenhouse gases (CO2, N2O in CO2 equivalent, CH4 in CO2 equivalent, HFC in CO2 equivalent, PFC in CO2 equivalent, SF6 in CO2 equivalent, NF3 in CO2 equivalent)",Total (excluding LULUCF and memo items),Malta,2014,2.8458,,
ESTAT:ENV_AIR_GGE(1.0),08/05/25 23:00:00,Annual,Million tonnes,"Greenhouse gases (CO2, N2O in CO2 equivalent, CH4 in CO2 equivalent, HFC in CO2 equivalent, PFC in CO2 equivalent, SF6 in CO2 equivalent, NF3 in CO2 equivalent)",Total (excluding LULUCF and memo items),Malta,2015,2.1467,,
ESTAT:ENV_AIR_GGE(1.0),08/05/25 23:00:00,Annual,Million tonnes,"Greenhouse gases (CO2, N2O in CO2 equivalent, CH4 in CO2 equivalent, HFC in CO2 equivalent, PFC in CO2 equivalent, SF6 in CO2 equivalent, NF3 in CO2 equivalent)",Total (excluding LULUCF and memo items),Malta,2016,1.85173,,
ESTAT:ENV_AIR_GGE(1.0),08/05/25 23:00:00,Annual,Million tonnes,"Greenhouse gases (CO2, N2O in CO2 equivalent, CH4 in CO2 equivalent, HFC in CO2 equivalent, PFC in CO2 equivalent, SF6 in CO2 equivalent, NF3 in CO2 equivalent)",Total (excluding LULUCF and memo items),Malta,2017,2.01718,,
ESTAT:ENV_AIR_GGE(1.0),08/05/25 23:00:00,Annual,Million tonnes,"Greenhouse gases (CO2, N2O in CO2 equivalent, CH4 in CO2 equivalent, HFC in CO2 equivalent, PFC in CO2 equivalent, SF6 in CO2 equivalent, NF3 in CO2 equivalent)",Total (excluding LULUCF and memo items),Malta,2018,2.01842,,
ESTAT:ENV_AIR_GGE(1.0),08/05/25 23:00:00,Annual,Million tonnes,"Greenhouse gases (CO2, N2O in CO2 equivalent, CH4 in CO2 equivalent, HFC in CO2 equivalent, PFC in CO2 equivalent, SF6 in CO2 equivalent, NF3 in CO2 equivalent)",Total (excluding LULUCF and memo items),Malta,2019,2.12694,,
ESTAT:ENV_AIR_GGE(1.0),08/05/25 23:00:00,Annual,Million tonnes,"Greenhouse gases (CO2, N2O in CO2 equivalent, CH4 in CO2 equivalent, HFC in CO2 equivalent, PFC in CO2 equivalent, SF6 in CO2 equivalent, NF3 in CO2 equivalent)",Total (excluding LULUCF and memo items),Malta,2020,2.08626,,
ESTAT:ENV_AIR_GGE(1.0),08/05/25 23:00:00,Annual,Million tonnes,"Greenhouse gases (CO2, N2O in CO2 equivalent, CH4 in CO2 equivalent, HFC in CO2 equivalent, PFC in CO2 equivalent, SF6 in CO2 equivalent, NF3 in CO2 equivalent)",Total (excluding LULUCF and memo items),Malta,2021,2.10049,,
ESTAT:ENV_AIR_GGE(1.0),08/05/25 23:00:00,Annual,Million tonnes,"Greenhouse gases (CO2, N2O in CO2 equivalent, CH4 in CO2 equivalent, HFC in CO2 equivalent, PFC in CO2 equivalent, SF6 in CO2 equivalent, NF3 in CO2 equivalent)",Total (excluding LULUCF and memo items),Malta,2022,2.25967,,
ESTAT:ENV_AIR_GGE(1.0),08/05/25 23:00:00,Annual,Million tonnes,"Greenhouse gases (CO2, N2O in CO2 equivalent, CH4 in CO2 equivalent, HFC in CO2 equivalent, PFC in CO2 equivalent, SF6 in CO2 equivalent, NF3 in CO2 equivalent)",Total (excluding LULUCF and memo items),Malta,2023,2.24593,,
ESTAT:ENV_AIR_GGE(1.0),08/05/25 23:00:00,Annual,Million tonnes,"Greenhouse gases (CO2, N2O in CO2 equivalent, CH4 in CO2 equivalent, HFC in CO2 equivalent, PFC in CO2 equivalent, SF6 in CO2 equivalent, NF3 in CO2 equivalent)",Total (excluding LULUCF and memo items),Netherlands,2014,187.54917,,
ESTAT:ENV_AIR_GGE(1.0),08/05/25 23:00:00,Annual,Million tonnes,"Greenhouse gases (CO2, N2O in CO2 equivalent, CH4 in CO2 equivalent, HFC in CO2 equivalent, PFC in CO2 equivalent, SF6 in CO2 equivalent, NF3 in CO2 equivalent)",Total (excluding LULUCF and memo items),Netherlands,2015,194.64641,,
ESTAT:ENV_AIR_GGE(1.0),08/05/25 23:00:00,Annual,Million tonnes,"Greenhouse gases (CO2, N2O in CO2 equivalent, CH4 in CO2 equivalent, HFC in CO2 equivalent, PFC in CO2 equivalent, SF6 in CO2 equivalent, NF3 in CO2 equivalent)",Total (excluding LULUCF and memo items),Netherlands,2016,195.24841,,
ESTAT:ENV_AIR_GGE(1.0),08/05/25 23:00:00,Annual,Million tonnes,"Greenhouse gases (CO2, N2O in CO2 equivalent, CH4 in CO2 equivalent, HFC in CO2 equivalent, PFC in CO2 equivalent, SF6 in CO2 equivalent, NF3 in CO2 equivalent)",Total (excluding LULUCF and memo items),Netherlands,2017,192.53618,,
ESTAT:ENV_AIR_GGE(1.0),08/05/25 23:00:00,Annual,Million tonnes,"Greenhouse gases (CO2, N2O in CO2 equivalent, CH4 in CO2 equivalent, HFC in CO2 equivalent, PFC in CO2 equivalent, SF6 in CO2 equivalent, NF3 in CO2 equivalent)",Total (excluding LULUCF and memo items),Netherlands,2018,187.37183,,
ESTAT:ENV_AIR_GGE(1.0),08/05/25 23:00:00,Annual,Million tonnes,"Greenhouse gases (CO2, N2O in CO2 equivalent, CH4 in CO2 equivalent, HFC in CO2 equivalent, PFC in CO2 equivalent, SF6 in CO2 equivalent, NF3 in CO2 equivalent)",Total (excluding LULUCF and memo items),Netherlands,2019,181.54428,,
ESTAT:ENV_AIR_GGE(1.0),08/05/25 23:00:00,Annual,Million tonnes,"Greenhouse gases (CO2, N2O in CO2 equivalent, CH4 in CO2 equivalent, HFC in CO2 equivalent, PFC in CO2 equivalent, SF6 in CO2 equivalent, NF3 in CO2 equivalent)",Total (excluding LULUCF and memo items),Netherlands,2020,164.97823,,
ESTAT:ENV_AIR_GGE(1.0),08/05/25 23:00:00,Annual,Million tonnes,"Greenhouse gases (CO2, N2O in CO2 equivalent, CH4 in CO2 equivalent, HFC in CO2 equivalent, PFC in CO2 equivalent, SF6 in CO2 equivalent, NF3 in CO2 equivalent)",Total (excluding LULUCF and memo items),Netherlands,2021,167.21094,,
ESTAT:ENV_AIR_GGE(1.0),08/05/25 23:00:00,Annual,Million tonnes,"Greenhouse gases (CO2, N2O in CO2 equivalent, CH4 in CO2 equivalent, HFC in CO2 equivalent, PFC in CO2 equivalent, SF6 in CO2 equivalent, NF3 in CO2 equivalent)",Total (excluding LULUCF and memo items),Netherlands,2022,153.55284,,
ESTAT:ENV_AIR_GGE(1.0),08/05/25 23:00:00,Annual,Million tonnes,"Greenhouse gases (CO2, N2O in CO2 equivalent, CH4 in CO2 equivalent, HFC in CO2 equivalent, PFC in CO2 equivalent, SF6 in CO2 equivalent, NF3 in CO2 equivalent)",Total (excluding LULUCF and memo items),Netherlands,2023,142.63653,,
ESTAT:ENV_AIR_GGE(1.0),08/05/25 23:00:00,Annual,Million tonnes,"Greenhouse gases (CO2, N2O in CO2 equivalent, CH4 in CO2 equivalent, HFC in CO2 equivalent, PFC in CO2 equivalent, SF6 in CO2 equivalent, NF3 in CO2 equivalent)",Total (excluding LULUCF and memo items),Norway,2014,53.8757,,
ESTAT:ENV_AIR_GGE(1.0),08/05/25 23:00:00,Annual,Million tonnes,"Greenhouse gases (CO2, N2O in CO2 equivalent, CH4 in CO2 equivalent, HFC in CO2 equivalent, PFC in CO2 equivalent, SF6 in CO2 equivalent, NF3 in CO2 equivalent)",Total (excluding LULUCF and memo items),Norway,2015,54.40785,,
ESTAT:ENV_AIR_GGE(1.0),08/05/25 23:00:00,Annual,Million tonnes,"Greenhouse gases (CO2, N2O in CO2 equivalent, CH4 in CO2 equivalent, HFC in CO2 equivalent, PFC in CO2 equivalent, SF6 in CO2 equivalent, NF3 in CO2 equivalent)",Total (excluding LULUCF and memo items),Norway,2016,53.52255,,
ESTAT:ENV_AIR_GGE(1.0),08/05/25 23:00:00,Annual,Million tonnes,"Greenhouse gases (CO2, N2O in CO2 equivalent, CH4 in CO2 equivalent, HFC in CO2 equivalent, PFC in CO2 equivalent, SF6 in CO2 equivalent, NF3 in CO2 equivalent)",Total (excluding LULUCF and memo items),Norway,2017,52.83579,,
ESTAT:ENV_AIR_GGE(1.0),08/05/25 23:00:00,Annual,Million tonnes,"Greenhouse gases (CO2, N2O in CO2 equivalent, CH4 in CO2 equivalent, HFC in CO2 equivalent, PFC in CO2 equivalent, SF6 in CO2 equivalent, NF3 in CO2 equivalent)",Total (excluding LULUCF and memo items),Norway,2018,52.98618,,
ESTAT:ENV_AIR_GGE(1.0),08/05/25 23:00:00,Annual,Million tonnes,"Greenhouse gases (CO2, N2O in CO2 equivalent, CH4 in CO2 equivalent, HFC in CO2 equivalent, PFC in CO2 equivalent, SF6 in CO2 equivalent, NF3 in CO2 equivalent)",Total (excluding LULUCF and memo items),Norway,2019,51.21868,,
ESTAT:ENV_AIR_GGE(1.0),08/05/25 23:00:00,Annual,Million tonnes,"Greenhouse gases (CO2, N2O in CO2 equivalent, CH4 in CO2 equivalent, HFC in CO2 equivalent, PFC in CO2 equivalent, SF6 in CO2 equivalent, NF3 in CO2 equivalent)",Total (excluding LULUCF and memo items),Norway,2020,49.52145,,
ESTAT:ENV_AIR_GGE(1.0),08/05/25 23:00:00,Annual,Million tonnes,"Greenhouse gases (CO2, N2O in CO2 equivalent, CH4 in CO2 equivalent, HFC in CO2 equivalent, PFC in CO2 equivalent, SF6 in CO2 equivalent, NF3 in CO2 equivalent)",Total (excluding LULUCF and memo items),Norway,2021,49.37225,,
ESTAT:ENV_AIR_GGE(1.0),08/05/25 23:00:00,Annual,Million tonnes,"Greenhouse gases (CO2, N2O in CO2 equivalent, CH4 in CO2 equivalent, HFC in CO2 equivalent, PFC in CO2 equivalent, SF6 in CO2 equivalent, NF3 in CO2 equivalent)",Total (excluding LULUCF and memo items),Norway,2022,48.98562,,
ESTAT:ENV_AIR_GGE(1.0),08/05/25 23:00:00,Annual,Million tonnes,"Greenhouse gases (CO2, N2O in CO2 equivalent, CH4 in CO2 equivalent, HFC in CO2 equivalent, PFC in CO2 equivalent, SF6 in CO2 equivalent, NF3 in CO2 equivalent)",Total (excluding LULUCF and memo items),Norway,2023,46.6752,,
ESTAT:ENV_AIR_GGE(1.0),08/05/25 23:00:00,Annual,Million tonnes,"Greenhouse gases (CO2, N2O in CO2 equivalent, CH4 in CO2 equivalent, HFC in CO2 equivalent, PFC in CO2 equivalent, SF6 in CO2 equivalent, NF3 in CO2 equivalent)",Total (excluding LULUCF and memo items),Poland,2014,380.43532,,
ESTAT:ENV_AIR_GGE(1.0),08/05/25 23:00:00,Annual,Million tonnes,"Greenhouse gases (CO2, N2O in CO2 equivalent, CH4 in CO2 equivalent, HFC in CO2 equivalent, PFC in CO2 equivalent, SF6 in CO2 equivalent, NF3 in CO2 equivalent)",Total (excluding LULUCF and memo items),Poland,2015,383.03467,,
ESTAT:ENV_AIR_GGE(1.0),08/05/25 23:00:00,Annual,Million tonnes,"Greenhouse gases (CO2, N2O in CO2 equivalent, CH4 in CO2 equivalent, HFC in CO2 equivalent, PFC in CO2 equivalent, SF6 in CO2 equivalent, NF3 in CO2 equivalent)",Total (excluding LULUCF and memo items),Poland,2016,393.85067,,
ESTAT:ENV_AIR_GGE(1.0),08/05/25 23:00:00,Annual,Million tonnes,"Greenhouse gases (CO2, N2O in CO2 equivalent, CH4 in CO2 equivalent, HFC in CO2 equivalent, PFC in CO2 equivalent, SF6 in CO2 equivalent, NF3 in CO2 equivalent)",Total (excluding LULUCF and memo items),Poland,2017,408.46181,,
ESTAT:ENV_AIR_GGE(1.0),08/05/25 23:00:00,Annual,Million tonnes,"Greenhouse gases (CO2, N2O in CO2 equivalent, CH4 in CO2 equivalent, HFC in CO2 equivalent, PFC in CO2 equivalent, SF6 in CO2 equivalent, NF3 in CO2 equivalent)",Total (excluding LULUCF and memo items),Poland,2018,408.49635,,
ESTAT:ENV_AIR_GGE(1.0),08/05/25 23:00:00,Annual,Million tonnes,"Greenhouse gases (CO2, N2O in CO2 equivalent, CH4 in CO2 equivalent, HFC in CO2 equivalent, PFC in CO2 equivalent, SF6 in CO2 equivalent, NF3 in CO2 equivalent)",Total (excluding LULUCF and memo items),Poland,2019,386.17758,,
ESTAT:ENV_AIR_GGE(1.0),08/05/25 23:00:00,Annual,Million tonnes,"Greenhouse gases (CO2, N2O in CO2 equivalent, CH4 in CO2 equivalent, HFC in CO2 equivalent, PFC in CO2 equivalent, SF6 in CO2 equivalent, NF3 in CO2 equivalent)",Total (excluding LULUCF and memo items),Poland,2020,371.25856,,
ESTAT:ENV_AIR_GGE(1.0),08/05/25 23:00:00,Annual,Million tonnes,"Greenhouse gases (CO2, N2O in CO2 equivalent, CH4 in CO2 equivalent, HFC in CO2 equivalent, PFC in CO2 equivalent, SF6 in CO2 equivalent, NF3 in CO2 equivalent)",Total (excluding LULUCF and memo items),Poland,2021,399.2629,,
ESTAT:ENV_AIR_GGE(1.0),08/05/25 23:00:00,Annual,Million tonnes,"Greenhouse gases (CO2, N2O in CO2 equivalent, CH4 in CO2 equivalent, HFC in CO2 equivalent, PFC in CO2 equivalent, SF6 in CO2 equivalent, NF3 in CO2 equivalent)",Total (excluding LULUCF and memo items),Poland,2022,380.84445,,
ESTAT:ENV_AIR_GGE(1.0),08/05/25 23:00:00,Annual,Million tonnes,"Greenhouse gases (CO2, N2O in CO2 equivalent, CH4 in CO2 equivalent, HFC in CO2 equivalent, PFC in CO2 equivalent, SF6 in CO2 equivalent, NF3 in CO2 equivalent)",Total (excluding LULUCF and memo items),Poland,2023,348.43637,,
ESTAT:ENV_AIR_GGE(1.0),08/05/25 23:00:00,Annual,Million tonnes,"Greenhouse gases (CO2, N2O in CO2 equivalent, CH4 in CO2 equivalent, HFC in CO2 equivalent, PFC in CO2 equivalent, SF6 in CO2 equivalent, NF3 in CO2 equivalent)",Total (excluding LULUCF and memo items),Portugal,2014,63.41007,,
ESTAT:ENV_AIR_GGE(1.0),08/05/25 23:00:00,Annual,Million tonnes,"Greenhouse gases (CO2, N2O in CO2 equivalent, CH4 in CO2 equivalent, HFC in CO2 equivalent, PFC in CO2 equivalent, SF6 in CO2 equivalent, NF3 in CO2 equivalent)",Total (excluding LULUCF and memo items),Portugal,2015,67.59192,,
ESTAT:ENV_AIR_GGE(1.0),08/05/25 23:00:00,Annual,Million tonnes,"Greenhouse gases (CO2, N2O in CO2 equivalent, CH4 in CO2 equivalent, HFC in CO2 equivalent, PFC in CO2 equivalent, SF6 in CO2 equivalent, NF3 in CO2 equivalent)",Total (excluding LULUCF and memo items),Portugal,2016,65.74332,,
ESTAT:ENV_AIR_GGE(1.0),08/05/25 23:00:00,Annual,Million tonnes,"Greenhouse gases (CO2, N2O in CO2 equivalent, CH4 in CO2 equivalent, HFC in CO2 equivalent, PFC in CO2 equivalent, SF6 in CO2 equivalent, NF3 in CO2 equivalent)",Total (excluding LULUCF and memo items),Portugal,2017,70.88785,,
ESTAT:ENV_AIR_GGE(1.0),08/05/25 23:00:00,Annual,Million tonnes,"Greenhouse gases (CO2, N2O in CO2 equivalent, CH4 in CO2 equivalent, HFC in CO2 equivalent, PFC in CO2 equivalent, SF6 in CO2 equivalent, NF3 in CO2 equivalent)",Total (excluding LULUCF and memo items),Portugal,2018,67.17157,,
ESTAT:ENV_AIR_GGE(1.0),08/05/25 23:00:00,Annual,Million tonnes,"Greenhouse gases (CO2, N2O in CO2 equivalent, CH4 in CO2 equivalent, HFC in CO2 equivalent, PFC in CO2 equivalent, SF6 in CO2 equivalent, NF3 in CO2 equivalent)",Total (excluding LULUCF and memo items),Portugal,2019,63.60505,,
ESTAT:ENV_AIR_GGE(1.0),08/05/25 23:00:00,Annual,Million tonnes,"Greenhouse gases (CO2, N2O in CO2 equivalent, CH4 in CO2 equivalent, HFC in CO2 equivalent, PFC in CO2 equivalent, SF6 in CO2 equivalent, NF3 in CO2 equivalent)",Total (excluding LULUCF and memo items),Portugal,2020,57.49665,,
ESTAT:ENV_AIR_GGE(1.0),08/05/25 23:00:00,Annual,Million tonnes,"Greenhouse gases (CO2, N2O in CO2 equivalent, CH4 in CO2 equivalent, HFC in CO2 equivalent, PFC in CO2 equivalent, SF6 in CO2 equivalent, NF3 in CO2 equivalent)",Total (excluding LULUCF and memo items),Portugal,2021,56.17358,,
ESTAT:ENV_AIR_GGE(1.0),08/05/25 23:00:00,Annual,Million tonnes,"Greenhouse gases (CO2, N2O in CO2 equivalent, CH4 in CO2 equivalent, HFC in CO2 equivalent, PFC in CO2 equivalent, SF6 in CO2 equivalent, NF3 in CO2 equivalent)",Total (excluding LULUCF and memo items),Portugal,2022,56.40363,,
ESTAT:ENV_AIR_GGE(1.0),08/05/25 23:00:00,Annual,Million tonnes,"Greenhouse gases (CO2, N2O in CO2 equivalent, CH4 in CO2 equivalent, HFC in CO2 equivalent, PFC in CO2 equivalent, SF6 in CO2 equivalent, NF3 in CO2 equivalent)",Total (excluding LULUCF and memo items),Portugal,2023,53.24953,,
ESTAT:ENV_AIR_GGE(1.0),08/05/25 23:00:00,Annual,Million tonnes,"Greenhouse gases (CO2, N2O in CO2 equivalent, CH4 in CO2 equivalent, HFC in CO2 equivalent, PFC in CO2 equivalent, SF6 in CO2 equivalent, NF3 in CO2 equivalent)",Total (excluding LULUCF and memo items),Romania,2014,118.11056,,
ESTAT:ENV_AIR_GGE(1.0),08/05/25 23:00:00,Annual,Million tonnes,"Greenhouse gases (CO2, N2O in CO2 equivalent, CH4 in CO2 equivalent, HFC in CO2 equivalent, PFC in CO2 equivalent, SF6 in CO2 equivalent, NF3 in CO2 equivalent)",Total (excluding LULUCF and memo items),Romania,2015,116.8021,,
ESTAT:ENV_AIR_GGE(1.0),08/05/25 23:00:00,Annual,Million tonnes,"Greenhouse gases (CO2, N2O in CO2 equivalent, CH4 in CO2 equivalent, HFC in CO2 equivalent, PFC in CO2 equivalent, SF6 in CO2 equivalent, NF3 in CO2 equivalent)",Total (excluding LULUCF and memo items),Romania,2016,114.8391,,
ESTAT:ENV_AIR_GGE(1.0),08/05/25 23:00:00,Annual,Million tonnes,"Greenhouse gases (CO2, N2O in CO2 equivalent, CH4 in CO2 equivalent, HFC in CO2 equivalent, PFC in CO2 equivalent, SF6 in CO2 equivalent, NF3 in CO2 equivalent)",Total (excluding LULUCF and memo items),Romania,2017,117.80406,,
ESTAT:ENV_AIR_GGE(1.0),08/05/25 23:00:00,Annual,Million tonnes,"Greenhouse gases (CO2, N2O in CO2 equivalent, CH4 in CO2 equivalent, HFC in CO2 equivalent, PFC in CO2 equivalent, SF6 in CO2 equivalent, NF3 in CO2 equivalent)",Total (excluding LULUCF and memo items),Romania,2018,118.54509,,
ESTAT:ENV_AIR_GGE(1.0),08/05/25 23:00:00,Annual,Million tonnes,"Greenhouse gases (CO2, N2O in CO2 equivalent, CH4 in CO2 equivalent, HFC in CO2 equivalent, PFC in CO2 equivalent, SF6 in CO2 equivalent, NF3 in CO2 equivalent)",Total (excluding LULUCF and memo items),Romania,2019,115.31193,,
ESTAT:ENV_AIR_GGE(1.0),08/05/25 23:00:00,Annual,Million tonnes,"Greenhouse gases (CO2, N2O in CO2 equivalent, CH4 in CO2 equivalent, HFC in CO2 equivalent, PFC in CO2 equivalent, SF6 in CO2 equivalent, NF3 in CO2 equivalent)",Total (excluding LULUCF and memo items),Romania,2020,111.52122,,
ESTAT:ENV_AIR_GGE(1.0),08/05/25 23:00:00,Annual,Million tonnes,"Greenhouse gases (CO2, N2O in CO2 equivalent, CH4 in CO2 equivalent, HFC in CO2 equivalent, PFC in CO2 equivalent, SF6 in CO2 equivalent, NF3 in CO2 equivalent)",Total (excluding LULUCF and memo items),Romania,2021,115.375,,
ESTAT:ENV_AIR_GGE(1.0),08/05/25 23:00:00,Annual,Million tonnes,"Greenhouse gases (CO2, N2O in CO2 equivalent, CH4 in CO2 equivalent, HFC in CO2 equivalent, PFC in CO2 equivalent, SF6 in CO2 equivalent, NF3 in CO2 equivalent)",Total (excluding LULUCF and memo items),Romania,2022,109.66726,,
ESTAT:ENV_AIR_GGE(1.0),08/05/25 23:00:00,Annual,Million tonnes,"Greenhouse gases (CO2, N2O in CO2 equivalent, CH4 in CO2 equivalent, HFC in CO2 equivalent, PFC in CO2 equivalent, SF6 in CO2 equivalent, NF3 in CO2 equivalent)",Total (excluding LULUCF and memo items),Romania,2023,103.86245,,
ESTAT:ENV_AIR_GGE(1.0),08/05/25 23:00:00,Annual,Million tonnes,"Greenhouse gases (CO2, N2O in CO2 equivalent, CH4 in CO2 equivalent, HFC in CO2 equivalent, PFC in CO2 equivalent, SF6 in CO2 equivalent, NF3 in CO2 equivalent)",Total (excluding LULUCF and memo items),Sweden,2014,53.48192,,
ESTAT:ENV_AIR_GGE(1.0),08/05/25 23:00:00,Annual,Million tonnes,"Greenhouse gases (CO2, N2O in CO2 equivalent, CH4 in CO2 equivalent, HFC in CO2 equivalent, PFC in CO2 equivalent, SF6 in CO2 equivalent, NF3 in CO2 equivalent)",Total (excluding LULUCF and memo items),Sweden,2015,53.28369,,
ESTAT:ENV_AIR_GGE(1.0),08/05/25 23:00:00,Annual,Million tonnes,"Greenhouse gases (CO2, N2O in CO2 equivalent, CH4 in CO2 equivalent, HFC in CO2 equivalent, PFC in CO2 equivalent, SF6 in CO2 equivalent, NF3 in CO2 equivalent)",Total (excluding LULUCF and memo items),Sweden,2016,53.19826,,
ESTAT:ENV_AIR_GGE(1.0),08/05/25 23:00:00,Annual,Million tonnes,"Greenhouse gases (CO2, N2O in CO2 equivalent, CH4 in CO2 equivalent, HFC in CO2 equivalent, PFC in CO2 equivalent, SF6 in CO2 equivalent, NF3 in CO2 equivalent)",Total (excluding LULUCF and memo items),Sweden,2017,52.29434,,
ESTAT:ENV_AIR_GGE(1.0),08/05/25 23:00:00,Annual,Million tonnes,"Greenhouse gases (CO2, N2O in CO2 equivalent, CH4 in CO2 equivalent, HFC in CO2 equivalent, PFC in CO2 equivalent, SF6 in CO2 equivalent, NF3 in CO2 equivalent)",Total (excluding LULUCF and memo items),Sweden,2018,51.43433,,
ESTAT:ENV_AIR_GGE(1.0),08/05/25 23:00:00,Annual,Million tonnes,"Greenhouse gases (CO2, N2O in CO2 equivalent, CH4 in CO2 equivalent, HFC in CO2 equivalent, PFC in CO2 equivalent, SF6 in CO2 equivalent, NF3 in CO2 equivalent)",Total (excluding LULUCF and memo items),Sweden,2019,50.19645,,
ESTAT:ENV_AIR_GGE(1.0),08/05/25 23:00:00,Annual,Million tonnes,"Greenhouse gases (CO2, N2O in CO2 equivalent, CH4 in CO2 equivalent, HFC in CO2 equivalent, PFC in CO2 equivalent, SF6 in CO2 equivalent, NF3 in CO2 equivalent)",Total (excluding LULUCF and memo items),Sweden,2020,45.98193,,
ESTAT:ENV_AIR_GGE(1.0),08/05/25 23:00:00,Annual,Million tonnes,"Greenhouse gases (CO2, N2O in CO2 equivalent, CH4 in CO2 equivalent, HFC in CO2 equivalent, PFC in CO2 equivalent, SF6 in CO2 equivalent, NF3 in CO2 equivalent)",Total (excluding LULUCF and memo items),Sweden,2021,47.72178,,
ESTAT:ENV_AIR_GGE(1.0),08/05/25 23:00:00,Annual,Million tonnes,"Greenhouse gases (CO2, N2O in CO2 equivalent, CH4 in CO2 equivalent, HFC in CO2 equivalent, PFC in CO2 equivalent, SF6 in CO2 equivalent, NF3 in CO2 equivalent)",Total (excluding LULUCF and memo items),Sweden,2022,44.20169,,
ESTAT:ENV_AIR_GGE(1.0),08/05/25 23:00:00,Annual,Million tonnes,"Greenhouse gases (CO2, N2O in CO2 equivalent, CH4 in CO2 equivalent, HFC in CO2 equivalent, PFC in CO2 equivalent, SF6 in CO2 equivalent, NF3 in CO2 equivalent)",Total (excluding LULUCF and memo items),Sweden,2023,44.38597,,
ESTAT:ENV_AIR_GGE(1.0),08/05/25 23:00:00,Annual,Million tonnes,"Greenhouse gases (CO2, N2O in CO2 equivalent, CH4 in CO2 equivalent, HFC in CO2 equivalent, PFC in CO2 equivalent, SF6 in CO2 equivalent, NF3 in CO2 equivalent)",Total (excluding LULUCF and memo items),Slovenia,2014,16.66047,,
ESTAT:ENV_AIR_GGE(1.0),08/05/25 23:00:00,Annual,Million tonnes,"Greenhouse gases (CO2, N2O in CO2 equivalent, CH4 in CO2 equivalent, HFC in CO2 equivalent, PFC in CO2 equivalent, SF6 in CO2 equivalent, NF3 in CO2 equivalent)",Total (excluding LULUCF and memo items),Slovenia,2015,16.85022,,
ESTAT:ENV_AIR_GGE(1.0),08/05/25 23:00:00,Annual,Million tonnes,"Greenhouse gases (CO2, N2O in CO2 equivalent, CH4 in CO2 equivalent, HFC in CO2 equivalent, PFC in CO2 equivalent, SF6 in CO2 equivalent, NF3 in CO2 equivalent)",Total (excluding LULUCF and memo items),Slovenia,2016,17.73432,,
ESTAT:ENV_AIR_GGE(1.0),08/05/25 23:00:00,Annual,Million tonnes,"Greenhouse gases (CO2, N2O in CO2 equivalent, CH4 in CO2 equivalent, HFC in CO2 equivalent, PFC in CO2 equivalent, SF6 in CO2 equivalent, NF3 in CO2 equivalent)",Total (excluding LULUCF and memo items),Slovenia,2017,17.81851,,
ESTAT:ENV_AIR_GGE(1.0),08/05/25 23:00:00,Annual,Million tonnes,"Greenhouse gases (CO2, N2O in CO2 equivalent, CH4 in CO2 equivalent, HFC in CO2 equivalent, PFC in CO2 equivalent, SF6 in CO2 equivalent, NF3 in CO2 equivalent)",Total (excluding LULUCF and memo items),Slovenia,2018,17.65556,,
ESTAT:ENV_AIR_GGE(1.0),08/05/25 23:00:00,Annual,Million tonnes,"Greenhouse gases (CO2, N2O in CO2 equivalent, CH4 in CO2 equivalent, HFC in CO2 equivalent, PFC in CO2 equivalent, SF6 in CO2 equivalent, NF3 in CO2 equivalent)",Total (excluding LULUCF and memo items),Slovenia,2019,17.13171,,
ESTAT:ENV_AIR_GGE(1.0),08/05/25 23:00:00,Annual,Million tonnes,"Greenhouse gases (CO2, N2O in CO2 equivalent, CH4 in CO2 equivalent, HFC in CO2 equivalent, PFC in CO2 equivalent, SF6 in CO2 equivalent, NF3 in CO2 equivalent)",Total (excluding LULUCF and memo items),Slovenia,2020,15.90349,,
ESTAT:ENV_AIR_GGE(1.0),08/05/25 23:00:00,Annual,Million tonnes,"Greenhouse gases (CO2, N2O in CO2 equivalent, CH4 in CO2 equivalent, HFC in CO2 equivalent, PFC in CO2 equivalent, SF6 in CO2 equivalent, NF3 in CO2 equivalent)",Total (excluding LULUCF and memo items),Slovenia,2021,16.04933,,
ESTAT:ENV_AIR_GGE(1.0),08/05/25 23:00:00,Annual,Million tonnes,"Greenhouse gases (CO2, N2O in CO2 equivalent, CH4 in CO2 equivalent, HFC in CO2 equivalent, PFC in CO2 equivalent, SF6 in CO2 equivalent, NF3 in CO2 equivalent)",Total (excluding LULUCF and memo items),Slovenia,2022,15.55767,,
ESTAT:ENV_AIR_GGE(1.0),08/05/25 23:00:00,Annual,Million tonnes,"Greenhouse gases (CO2, N2O in CO2 equivalent, CH4 in CO2 equivalent, HFC in CO2 equivalent, PFC in CO2 equivalent, SF6 in CO2 equivalent, NF3 in CO2 equivalent)",Total (excluding LULUCF and memo items),Slovenia,2023,14.80443,,
ESTAT:ENV_AIR_GGE(1.0),08/05/25 23:00:00,Annual,Million tonnes,"Greenhouse gases (CO2, N2O in CO2 equivalent, CH4 in CO2 equivalent, HFC in CO2 equivalent, PFC in CO2 equivalent, SF6 in CO2 equivalent, NF3 in CO2 equivalent)",Total (excluding LULUCF and memo items),Slovakia,2014,39.6885,,
ESTAT:ENV_AIR_GGE(1.0),08/05/25 23:00:00,Annual,Million tonnes,"Greenhouse gases (CO2, N2O in CO2 equivalent, CH4 in CO2 equivalent, HFC in CO2 equivalent, PFC in CO2 equivalent, SF6 in CO2 equivalent, NF3 in CO2 equivalent)",Total (excluding LULUCF and memo items),Slovakia,2015,40.4556,,
ESTAT:ENV_AIR_GGE(1.0),08/05/25 23:00:00,Annual,Million tonnes,"Greenhouse gases (CO2, N2O in CO2 equivalent, CH4 in CO2 equivalent, HFC in CO2 equivalent, PFC in CO2 equivalent, SF6 in CO2 equivalent, NF3 in CO2 equivalent)",Total (excluding LULUCF and memo items),Slovakia,2016,41.00656,,
ESTAT:ENV_AIR_GGE(1.0),08/05/25 23:00:00,Annual,Million tonnes,"Greenhouse gases (CO2, N2O in CO2 equivalent, CH4 in CO2 equivalent, HFC in CO2 equivalent, PFC in CO2 equivalent, SF6 in CO2 equivalent, NF3 in CO2 equivalent)",Total (excluding LULUCF and memo items),Slovakia,2017,42.14651,,
ESTAT:ENV_AIR_GGE(1.0),08/05/25 23:00:00,Annual,Million tonnes,"Greenhouse gases (CO2, N2O in CO2 equivalent, CH4 in CO2 equivalent, HFC in CO2 equivalent, PFC in CO2 equivalent, SF6 in CO2 equivalent, NF3 in CO2 equivalent)",Total (excluding LULUCF and memo items),Slovakia,2018,42.00485,,
ESTAT:ENV_AIR_GGE(1.0),08/05/25 23:00:00,Annual,Million tonnes,"Greenhouse gases (CO2, N2O in CO2 equivalent, CH4 in CO2 equivalent, HFC in CO2 equivalent, PFC in CO2 equivalent, SF6 in CO2 equivalent, NF3 in CO2 equivalent)",Total (excluding LULUCF and memo items),Slovakia,2019,39.65993,,
ESTAT:ENV_AIR_GGE(1.0),08/05/25 23:00:00,Annual,Million tonnes,"Greenhouse gases (CO2, N2O in CO2 equivalent, CH4 in CO2 equivalent, HFC in CO2 equivalent, PFC in CO2 equivalent, SF6 in CO2 equivalent, NF3 in CO2 equivalent)",Total (excluding LULUCF and memo items),Slovakia,2020,36.95776,,
ESTAT:ENV_AIR_GGE(1.0),08/05/25 23:00:00,Annual,Million tonnes,"Greenhouse gases (CO2, N2O in CO2 equivalent, CH4 in CO2 equivalent, HFC in CO2 equivalent, PFC in CO2 equivalent, SF6 in CO2 equivalent, NF3 in CO2 equivalent)",Total (excluding LULUCF and memo items),Slovakia,2021,40.92057,,
ESTAT:ENV_AIR_GGE(1.0),08/05/25 23:00:00,Annual,Million tonnes,"Greenhouse gases (CO2, N2O in CO2 equivalent, CH4 in CO2 equivalent, HFC in CO2 equivalent, PFC in CO2 equivalent, SF6 in CO2 equivalent, NF3 in CO2 equivalent)",Total (excluding LULUCF and memo items),Slovakia,2022,36.88044,,
ESTAT:ENV_AIR_GGE(1.0),08/05/25 23:00:00,Annual,Million tonnes,"Greenhouse gases (CO2, N2O in CO2 equivalent, CH4 in CO2 equivalent, HFC in CO2 equivalent, PFC in CO2 equivalent, SF6 in CO2 equivalent, NF3 in CO2 equivalent)",Total (excluding LULUCF and memo items),Slovakia,2023,36.11474,,
